detector,breakdown,group,precision,recall,f1,detection_delay_h,tp_events,fp_events,fn_events,true_events
robust_z,global,all,0.5483870967741935,0.7083333333333334,0.6181818181818182,0.17647058823529413,17,14,7,24
robust_z,type,spike,1.0,0.6666666666666666,0.8,0.0,4,0,2,6
robust_z,type,drop,1.0,0.6666666666666666,0.8,0.0,4,0,2,6
robust_z,type,level_shift,0.8,0.6666666666666666,0.7272727272727272,0.75,4,1,2,6
robust_z,type,daily_pattern_shift,0.3125,0.8333333333333334,0.45454545454545453,0.0,5,11,1,6
robust_z,magnitude,2,0.75,0.375,0.5,1.0,3,1,5,8
robust_z,magnitude,3,0.5,0.75,0.6,0.0,6,6,2,8
robust_z,magnitude,5,0.6153846153846154,1.0,0.761904761904762,0.0,8,5,0,8
isolation_forest,global,all,0.5555555555555556,0.8333333333333334,0.6666666666666667,0.6,20,16,4,24
isolation_forest,type,spike,0.8333333333333334,0.8333333333333334,0.8333333333333334,0.0,5,1,1,6
isolation_forest,type,drop,0.75,0.5,0.6,0.0,3,1,3,6
isolation_forest,type,level_shift,0.75,1.0,0.8571428571428571,1.1666666666666667,6,2,0,6
isolation_forest,type,daily_pattern_shift,0.375,1.0,0.5454545454545454,0.8333333333333334,6,10,0,6
isolation_forest,magnitude,2,0.75,0.75,0.75,1.8333333333333333,6,2,2,8
isolation_forest,magnitude,3,0.5,0.875,0.6363636363636364,0.14285714285714285,7,7,1,8
isolation_forest,magnitude,5,0.5833333333333334,0.875,0.7000000000000001,0.0,7,5,1,8
