fold,cell_id,n,capacity_proxy,tp,fp,fn,tn,precision,recall,f1,actual_breaches,predicted_breaches
1,318,72,32.237984031127084,0,2,2,68,0.0,0.0,,2,2
1,328,72,66.09543991017406,0,1,4,67,0.0,0.0,,4,1
1,361,72,89.71051202643763,0,0,0,72,,,,0,0
1,821,72,66.064591784645,0,1,4,67,0.0,0.0,,4,1
1,2067,72,132.0332025214308,0,0,4,68,,0.0,,4,0
1,2105,72,54.930343971546385,0,8,0,64,0.0,,,0,8
1,2351,72,213.01260745600806,0,0,2,70,,0.0,,2,0
1,3037,72,923.2196970324048,0,0,0,72,,,,0,0
1,3797,72,181.8703102074107,1,1,4,66,0.5,0.2,0.28571428571428575,5,2
1,3955,72,2329.3123882355844,0,1,1,70,0.0,0.0,,1,1
1,4111,72,96.8916756213615,0,0,0,72,,,,0,0
1,4232,72,382.2601856994502,0,0,1,71,,0.0,,1,0
1,4587,72,124.5831481432181,0,0,2,70,,0.0,,2,0
1,4737,72,775.811765182992,0,0,0,72,,,,0,0
1,5172,72,3006.7541383003786,0,0,0,72,,,,0,0
1,5200,72,399.1929318671999,0,0,0,72,,,,0,0
1,5409,72,22.193130848362188,2,2,4,64,0.5,0.3333333333333333,0.4,6,4
1,5867,72,4953.377893469856,0,1,1,70,0.0,0.0,,1,1
1,5882,72,342.80262569048944,0,0,0,72,,,,0,0
1,6320,72,170.411234099829,0,0,2,70,,0.0,,2,0
1,6481,72,345.22154375656675,0,0,0,72,,,,0,0
1,7255,72,1673.5794205683994,0,0,5,67,,0.0,,5,0
1,7423,72,419.9744353368672,0,0,3,69,,0.0,,3,0
1,7680,72,535.8970347221338,0,0,0,72,,,,0,0
1,8067,72,741.8007162173722,0,0,0,72,,,,0,0
1,8432,72,405.2572457735204,0,0,5,67,,0.0,,5,0
1,8723,72,276.3053374166921,0,0,0,72,,,,0,0
1,9056,72,725.0785206087915,1,2,0,69,0.3333333333333333,1.0,0.5,1,3
1,9373,72,534.498641174906,0,1,0,71,0.0,,,0,1
1,9699,72,610.5262855388075,0,1,1,70,0.0,0.0,,1,1
2,318,72,31.902156348659634,0,2,15,55,0.0,0.0,,15,2
2,328,72,66.0769008375903,0,1,2,69,0.0,0.0,,2,1
2,361,72,88.71634546646041,0,0,3,69,,0.0,,3,0
2,821,72,66.04617490683408,0,1,2,69,0.0,0.0,,2,1
2,2067,72,131.98482749691942,0,1,6,65,0.0,0.0,,6,1
2,2105,72,54.85793935388158,2,3,2,65,0.4,0.5,0.4444444444444445,4,5
2,2351,72,212.52629128509201,0,0,9,63,,0.0,,9,0
2,3037,72,916.0376735729362,0,0,1,71,,0.0,,1,0
2,3797,72,181.90909992758074,0,0,17,55,,0.0,,17,0
2,3955,72,2326.549763627306,0,0,3,69,,0.0,,3,0
2,4111,72,96.51520876587863,0,0,0,72,,,,0,0
2,4232,72,378.5594987547555,0,0,0,72,,,,0,0
2,4587,72,123.95083854588762,0,0,6,66,,0.0,,6,0
2,4737,72,772.6115603938197,0,0,0,72,,,,0,0
2,5172,72,3006.057451818404,0,0,1,71,,0.0,,1,0
2,5200,72,395.52708523165063,0,1,4,67,0.0,0.0,,4,1
2,5409,72,22.544381942657576,0,1,0,71,0.0,,,0,1
2,5867,72,4913.881416078719,0,3,0,69,0.0,,,0,3
2,5882,72,337.61139526558645,0,0,3,69,,0.0,,3,0
2,6320,72,170.0267840735194,0,0,1,71,,0.0,,1,0
2,6481,72,342.6395664116953,0,0,0,72,,,,0,0
2,7255,72,1680.0219666002943,5,7,14,46,0.4166666666666667,0.2631578947368421,0.3225806451612903,19,12
2,7423,72,412.60405363693405,13,0,26,33,1.0,0.3333333333333333,0.5,39,13
2,7680,72,527.5552314091183,0,0,0,72,,,,0,0
2,8067,72,734.2266703830809,0,0,0,72,,,,0,0
2,8432,72,404.0504690833885,0,0,2,70,,0.0,,2,0
2,8723,72,276.73002069025847,0,0,0,72,,,,0,0
2,9056,72,723.3050445005109,0,1,0,71,0.0,,,0,1
2,9373,72,528.8286041339896,0,0,2,70,,0.0,,2,0
2,9699,72,599.1008463637683,1,1,6,64,0.5,0.14285714285714285,0.22222222222222224,7,2
3,318,72,32.67736039738506,0,1,3,68,0.0,0.0,,3,1
3,328,72,66.0898895220236,0,2,0,70,0.0,,,0,2
3,361,72,88.13719941662384,0,1,1,70,0.0,0.0,,1,1
3,821,72,66.05789393284773,0,2,0,70,0.0,,,0,2
3,2067,72,132.70641968425363,0,0,3,69,,0.0,,3,0
3,2105,72,54.8848884212569,0,1,0,71,0.0,,,0,1
3,2351,72,213.435605921636,0,0,5,67,,0.0,,5,0
3,3037,72,911.880532777396,0,0,2,70,,0.0,,2,0
3,3797,72,182.31854012141528,2,6,7,57,0.25,0.2222222222222222,0.23529411764705882,9,8
3,3955,72,2325.3806273758855,0,3,4,65,0.0,0.0,,4,3
3,4111,72,95.18448749984859,0,0,0,72,,,,0,0
3,4232,72,376.48612622180383,0,0,0,72,,,,0,0
3,4587,72,123.11195803801522,3,3,9,57,0.5,0.25,0.3333333333333333,12,6
3,4737,72,767.5655083920025,0,0,0,72,,,,0,0
3,5172,72,2996.8853894791187,0,0,0,72,,,,0,0
3,5200,72,395.9831252175648,0,0,2,70,,0.0,,2,0
3,5409,72,22.304119702731096,1,3,3,65,0.25,0.25,0.25,4,4
3,5867,72,4852.018889163415,0,0,0,72,,,,0,0
3,5882,72,336.7016320953303,0,0,0,72,,,,0,0
3,6320,72,168.69465812265125,0,0,4,68,,0.0,,4,0
3,6481,72,341.16383819318776,0,0,0,72,,,,0,0
3,7255,72,1719.5340746406696,0,5,1,66,0.0,0.0,,1,5
3,7423,72,466.43485958988646,26,1,10,35,0.9629629629629629,0.7222222222222222,0.8253968253968254,36,27
3,7680,72,517.4386905002242,0,0,0,72,,,,0,0
3,8067,72,728.871582862754,0,0,0,72,,,,0,0
3,8432,72,405.38688205043997,0,0,2,70,,0.0,,2,0
3,8723,72,273.9461147890134,0,0,0,72,,,,0,0
3,9056,72,719.8118790775237,0,0,0,72,,,,0,0
3,9373,72,518.3547720463691,0,0,1,71,,0.0,,1,0
3,9699,72,610.6217222832034,0,0,1,71,,0.0,,1,0
4,318,72,32.632556648085014,0,1,9,62,0.0,0.0,,9,1
4,328,72,65.50282794815989,0,1,3,68,0.0,0.0,,3,1
4,361,72,87.99167413730571,0,0,1,71,,0.0,,1,0
4,821,72,65.46808273034388,0,1,3,68,0.0,0.0,,3,1
4,2067,72,132.63386443253074,0,0,7,65,,0.0,,7,0
4,2105,72,54.52403095624945,0,0,2,70,,0.0,,2,0
4,2351,72,213.2154691995305,0,1,10,61,0.0,0.0,,10,1
4,3037,72,908.5260145546612,0,0,12,60,,0.0,,12,0
4,3797,72,184.90693008380504,0,0,2,70,,0.0,,2,0
4,3955,72,2325.671373561696,0,0,0,72,,,,0,0
4,4111,72,94.50832148407832,0,0,0,72,,,,0,0
4,4232,72,368.5513855342654,0,0,0,72,,,,0,0
4,4587,72,125.24086667388939,1,2,2,67,0.3333333333333333,0.3333333333333333,0.3333333333333333,3,3
4,4737,72,763.0682627750698,0,0,0,72,,,,0,0
4,5172,72,2960.896665318003,0,0,3,69,,0.0,,3,0
4,5200,72,392.78231248723034,2,0,5,65,1.0,0.2857142857142857,0.4444444444444445,7,2
4,5409,72,22.327076716351556,0,1,0,71,0.0,,,0,1
4,5867,72,4816.201237868983,0,0,0,72,,,,0,0
4,5882,72,336.29511145106653,0,0,0,72,,,,0,0
4,6320,72,168.80959070335248,0,0,4,68,,0.0,,4,0
4,6481,72,338.9880711863617,0,0,0,72,,,,0,0
4,7255,72,1716.668218354405,1,1,1,69,0.5,0.5,0.5,2,2
4,7423,72,790.231727060647,17,2,10,43,0.8947368421052632,0.6296296296296297,0.7391304347826088,27,19
4,7680,72,512.1317083373704,0,0,0,72,,,,0,0
4,8067,72,722.203407794311,0,0,0,72,,,,0,0
4,8432,72,402.8924283017255,0,0,2,70,,0.0,,2,0
4,8723,72,272.47474819321206,0,0,2,70,,0.0,,2,0
4,9056,72,708.4914458405055,0,0,0,72,,,,0,0
4,9373,72,517.0349385684067,0,0,0,72,,,,0,0
4,9699,72,605.9167246038213,0,0,6,66,,0.0,,6,0
