cell_id,count,mean,std,min,median,max
318,912,22.361595805302965,6.306189467911771,10.956970763443646,21.85159132728141,55.877770087936526
328,912,46.09722175826215,11.933987085038055,23.225898355759508,45.64056501387971,75.8696729176333
361,912,61.4031261814795,15.019476675131411,30.05815270339155,60.641805807916825,120.3643631705317
821,912,46.07393975314665,11.928937212713375,23.225898355759508,45.6227110551998,75.85423059860395
2067,912,91.32307104917508,30.36384484890264,30.674683377796534,97.65886830270273,205.67106909165025
2105,912,37.53574618499442,11.625184076807141,15.231192669143564,39.831654534619744,73.80531692446527
2351,912,145.12168174396325,44.625297570256876,5.816600757394661,144.53285661179575,368.3134152703678
3037,912,573.5522435806776,198.77737235150886,212.38599838666735,538.534757235141,1304.1057693187406
3797,912,148.88257520806465,27.505698826487265,83.32229673149222,153.6426262449291,279.6367049206693
3955,912,1714.6196780767882,401.51600146184103,764.4758795993781,1774.6427071556727,2932.1833451049292
4111,912,50.46955476045277,23.426992972297263,16.315843618546957,44.56124531157006,125.20896889710762
4232,912,199.13625935156264,106.30007502807835,66.49180086281063,172.54390201275203,876.6331471242111
4587,912,75.64777899320495,30.767768496005296,22.618795306788268,72.84866830299781,164.88533945452548
4737,912,273.64371021976393,232.86186214822675,61.009971939698325,159.82805228848457,972.420136969679
5172,912,2229.5055601399818,501.7702811702779,918.1891856954039,2322.8834413326786,4511.497285290845
5200,912,260.2853124159637,73.4184494370182,87.61086006585269,248.18730653968757,488.2368043782832
5409,912,9.549613985395357,6.6289344789607725,1.8376518885494573,6.649470025542236,35.96130168070266
5867,912,3067.35042394089,1136.7696629997943,1038.3339068119833,3210.921144059217,9571.93847215927
5882,912,190.55787571593498,87.27831158587188,64.45951076788405,175.9830188554692,430.7283655186852
6320,912,101.07373625918387,41.12153766750326,22.356756029342883,105.4222729783524,246.91379101860568
6481,912,211.69855511774165,78.18151247299808,79.3577916711817,217.65327895726134,496.52360035693505
7255,912,1222.5888603148076,301.4046491311923,552.8184166440703,1226.4398703678203,2119.135998467375
7423,912,297.09062568444335,234.6937085140035,34.40064415780665,240.28709818916957,1103.6176408610986
7680,912,225.38496475295472,149.16933901421285,57.42302842415112,157.3572669427451,666.2321968347338
8067,912,363.76524490319247,214.3312225628577,50.19441778129148,301.43049013011523,1125.2138552887182
8432,912,240.23219654981204,100.68165778996871,77.8589202565037,234.75693313387396,607.6665167786095
8723,912,196.44963353401448,49.61162209149729,24.563532963498695,204.7016980506882,360.49228254384195
9056,912,474.43935475373866,151.5775586604552,196.6109850420471,498.08981455421224,1088.3274482025413
9373,912,298.7227838446487,132.28043605362166,107.41562718810839,284.7567392704225,1118.8923272546108
9699,912,374.81733543086995,182.18676327540155,105.04409428252954,385.38948068825505,2847.2490332412394
