cell_id,timestamp,internet
318,2013-11-01 00:00:00+01:00,524.8397713333217
318,2013-11-02 00:00:00+01:00,508.8320465375135
318,2013-11-03 00:00:00+01:00,495.78183943179573
318,2013-11-04 00:00:00+01:00,498.4230454082154
318,2013-11-05 00:00:00+01:00,506.20582702858957
318,2013-11-06 00:00:00+01:00,542.7463340964616
318,2013-11-07 00:00:00+01:00,538.2405909287763
318,2013-11-08 00:00:00+01:00,468.4821127510201
318,2013-11-09 00:00:00+01:00,488.6058997750038
318,2013-11-10 00:00:00+01:00,536.3539656003724
318,2013-11-11 00:00:00+01:00,521.3095016913636
318,2013-11-12 00:00:00+01:00,586.5666525261487
318,2013-11-13 00:00:00+01:00,503.95624541153705
318,2013-11-14 00:00:00+01:00,524.1620046346968
318,2013-11-15 00:00:00+01:00,503.9770804029981
318,2013-11-16 00:00:00+01:00,583.1476707457266
318,2013-11-17 00:00:00+01:00,529.5857147550253
318,2013-11-18 00:00:00+01:00,506.6218125154034
318,2013-11-19 00:00:00+01:00,495.16610294875306
318,2013-11-20 00:00:00+01:00,575.2695875000137
318,2013-11-21 00:00:00+01:00,575.1467001197726
318,2013-11-22 00:00:00+01:00,475.1556718819584
318,2013-11-23 00:00:00+01:00,510.4337299291777
318,2013-11-24 00:00:00+01:00,585.9913592721192
318,2013-11-25 00:00:00+01:00,498.37688470859626
318,2013-11-26 00:00:00+01:00,466.4530501418517
318,2013-11-27 00:00:00+01:00,533.4908215294711
318,2013-11-28 00:00:00+01:00,521.0353031823171
318,2013-11-29 00:00:00+01:00,551.8514160232874
318,2013-11-30 00:00:00+01:00,630.1857922095008
318,2013-12-01 00:00:00+01:00,588.5911482003156
318,2013-12-02 00:00:00+01:00,561.4216567928898
318,2013-12-03 00:00:00+01:00,526.9014061002982
318,2013-12-04 00:00:00+01:00,547.9162358889472
318,2013-12-05 00:00:00+01:00,546.2807049001541
318,2013-12-06 00:00:00+01:00,556.845612829673
318,2013-12-07 00:00:00+01:00,609.7256486569509
318,2013-12-08 00:00:00+01:00,669.698426046287
328,2013-11-01 00:00:00+01:00,1073.0216279703834
328,2013-11-02 00:00:00+01:00,1019.9089560548315
328,2013-11-03 00:00:00+01:00,1112.3908329039393
328,2013-11-04 00:00:00+01:00,1079.401052253856
328,2013-11-05 00:00:00+01:00,1036.415322016271
328,2013-11-06 00:00:00+01:00,1063.9184827826489
328,2013-11-07 00:00:00+01:00,1125.8967263822187
328,2013-11-08 00:00:00+01:00,1124.1853868007206
328,2013-11-09 00:00:00+01:00,1122.0066955328307
328,2013-11-10 00:00:00+01:00,1310.169588038017
328,2013-11-11 00:00:00+01:00,1121.3344376101745
328,2013-11-12 00:00:00+01:00,1022.9427611680542
328,2013-11-13 00:00:00+01:00,986.00253706207
328,2013-11-14 00:00:00+01:00,1053.3007009891055
328,2013-11-15 00:00:00+01:00,1159.7303763220305
328,2013-11-16 00:00:00+01:00,1152.1431395983561
328,2013-11-17 00:00:00+01:00,1211.7806012700723
328,2013-11-18 00:00:00+01:00,1060.195432115271
328,2013-11-19 00:00:00+01:00,1093.9105030092933
328,2013-11-20 00:00:00+01:00,1151.6846273328608
328,2013-11-21 00:00:00+01:00,1115.669655500641
328,2013-11-22 00:00:00+01:00,1177.9561319855975
328,2013-11-23 00:00:00+01:00,1121.7273003195553
328,2013-11-24 00:00:00+01:00,1197.814880628003
328,2013-11-25 00:00:00+01:00,1078.6065673119158
328,2013-11-26 00:00:00+01:00,1044.6183787919374
328,2013-11-27 00:00:00+01:00,1027.8293602081117
328,2013-11-28 00:00:00+01:00,1012.8277380528368
328,2013-11-29 00:00:00+01:00,1098.2529456214033
328,2013-11-30 00:00:00+01:00,1233.464795247022
328,2013-12-01 00:00:00+01:00,1214.7943850261383
328,2013-12-02 00:00:00+01:00,1021.6025278975025
328,2013-12-03 00:00:00+01:00,1062.9356853922027
328,2013-12-04 00:00:00+01:00,1065.9965309900006
328,2013-12-05 00:00:00+01:00,1034.9822415545925
328,2013-12-06 00:00:00+01:00,1084.363912427925
328,2013-12-07 00:00:00+01:00,1189.3164780111151
328,2013-12-08 00:00:00+01:00,1177.566941355575
361,2013-11-01 00:00:00+01:00,1609.164993965346
361,2013-11-02 00:00:00+01:00,1408.4172109802128
361,2013-11-03 00:00:00+01:00,1575.4457584303402
361,2013-11-04 00:00:00+01:00,1503.3666038563485
361,2013-11-05 00:00:00+01:00,1491.2578806454364
361,2013-11-06 00:00:00+01:00,1367.5386093272864
361,2013-11-07 00:00:00+01:00,1440.6589210887587
361,2013-11-08 00:00:00+01:00,1442.294123232031
361,2013-11-09 00:00:00+01:00,1907.9354848021078
361,2013-11-10 00:00:00+01:00,1625.507990318215
361,2013-11-11 00:00:00+01:00,1359.8035773907638
361,2013-11-12 00:00:00+01:00,1420.0242384110927
361,2013-11-13 00:00:00+01:00,1331.1850046179131
361,2013-11-14 00:00:00+01:00,1418.2927913546791
361,2013-11-15 00:00:00+01:00,1615.653599712926
361,2013-11-16 00:00:00+01:00,1635.027902633599
361,2013-11-17 00:00:00+01:00,1594.9381010400339
361,2013-11-18 00:00:00+01:00,1466.2841206842363
361,2013-11-19 00:00:00+01:00,1336.0885590891153
361,2013-11-20 00:00:00+01:00,1424.7421007188723
361,2013-11-21 00:00:00+01:00,1459.8555627499209
361,2013-11-22 00:00:00+01:00,1516.0811642747133
361,2013-11-23 00:00:00+01:00,1375.6148390733588
361,2013-11-24 00:00:00+01:00,1526.606969091788
361,2013-11-25 00:00:00+01:00,1307.7461176888246
361,2013-11-26 00:00:00+01:00,1323.3050860524381
361,2013-11-27 00:00:00+01:00,1293.8065371266464
361,2013-11-28 00:00:00+01:00,1379.3912803186013
361,2013-11-29 00:00:00+01:00,1431.699955319852
361,2013-11-30 00:00:00+01:00,1558.5159602633983
361,2013-12-01 00:00:00+01:00,1614.9670132976185
361,2013-12-02 00:00:00+01:00,1491.565651252161
361,2013-12-03 00:00:00+01:00,1433.5072513841617
361,2013-12-04 00:00:00+01:00,1407.6838022907596
361,2013-12-05 00:00:00+01:00,1419.247516833185
361,2013-12-06 00:00:00+01:00,1407.242955190034
361,2013-12-07 00:00:00+01:00,1541.216840553571
361,2013-12-08 00:00:00+01:00,1537.969002448961
821,2013-11-01 00:00:00+01:00,1072.8208778230019
821,2013-11-02 00:00:00+01:00,1019.6927635884207
821,2013-11-03 00:00:00+01:00,1112.2981789897633
821,2013-11-04 00:00:00+01:00,1079.1848597874452
821,2013-11-05 00:00:00+01:00,1036.060148678596
821,2013-11-06 00:00:00+01:00,1063.609636402062
821,2013-11-07 00:00:00+01:00,1125.4952260874559
821,2013-11-08 00:00:00+01:00,1124.0464059294566
821,2013-11-09 00:00:00+01:00,1121.4970990048625
821,2013-11-10 00:00:00+01:00,1309.984280209665
821,2013-11-11 00:00:00+01:00,1121.0564758676464
821,2013-11-12 00:00:00+01:00,1022.664799425526
821,2013-11-13 00:00:00+01:00,985.5701521292485
821,2013-11-14 00:00:00+01:00,1052.1270847428757
821,2013-11-15 00:00:00+01:00,1157.8772980385095
821,2013-11-16 00:00:00+01:00,1150.3363882719232
821,2013-11-17 00:00:00+01:00,1210.128273133933
821,2013-11-18 00:00:00+01:00,1058.4658923839847
821,2013-11-19 00:00:00+01:00,1092.180963278007
821,2013-11-20 00:00:00+01:00,1150.0322991967214
821,2013-11-21 00:00:00+01:00,1114.7431163588806
821,2013-11-22 00:00:00+01:00,1177.755381838216
821,2013-11-23 00:00:00+01:00,1121.495665534115
821,2013-11-24 00:00:00+01:00,1197.583245842563
821,2013-11-25 00:00:00+01:00,1078.1741823790942
821,2013-11-26 00:00:00+01:00,1044.247763135233
821,2013-11-27 00:00:00+01:00,1027.6594946987889
821,2013-11-28 00:00:00+01:00,1012.472564715162
821,2013-11-29 00:00:00+01:00,1097.9595415598458
821,2013-11-30 00:00:00+01:00,1233.418468289934
821,2013-12-01 00:00:00+01:00,1214.6090771977863
821,2013-12-02 00:00:00+01:00,1021.2473545598276
821,2013-12-03 00:00:00+01:00,1062.4260888642343
821,2013-12-04 00:00:00+01:00,1065.749453885531
821,2013-12-05 00:00:00+01:00,1034.642510535947
821,2013-12-06 00:00:00+01:00,1083.9778544521914
821,2013-12-07 00:00:00+01:00,1189.0230739495578
821,2013-12-08 00:00:00+01:00,1177.119114103724
2067,2013-11-01 00:00:00+01:00,1925.652165944508
2067,2013-11-02 00:00:00+01:00,1870.8800538835524
2067,2013-11-03 00:00:00+01:00,1800.357478427987
2067,2013-11-04 00:00:00+01:00,2722.959989798633
2067,2013-11-05 00:00:00+01:00,2312.439488386679
2067,2013-11-06 00:00:00+01:00,2374.3567721071377
2067,2013-11-07 00:00:00+01:00,2147.442055367178
2067,2013-11-08 00:00:00+01:00,2162.459054983409
2067,2013-11-09 00:00:00+01:00,2133.7504415102158
2067,2013-11-10 00:00:00+01:00,1911.128337667089
2067,2013-11-11 00:00:00+01:00,2085.7702400214334
2067,2013-11-12 00:00:00+01:00,2218.1928528617914
2067,2013-11-13 00:00:00+01:00,2155.680071787844
2067,2013-11-14 00:00:00+01:00,2077.407204257037
2067,2013-11-15 00:00:00+01:00,2156.337842327218
2067,2013-11-16 00:00:00+01:00,2313.22150932524
2067,2013-11-17 00:00:00+01:00,2092.0307617645167
2067,2013-11-18 00:00:00+01:00,2353.730437968935
2067,2013-11-19 00:00:00+01:00,2094.9683026948787
2067,2013-11-20 00:00:00+01:00,2177.4967645637053
2067,2013-11-21 00:00:00+01:00,2256.920159512015
2067,2013-11-22 00:00:00+01:00,2179.3344295413963
2067,2013-11-23 00:00:00+01:00,2364.3858664151344
2067,2013-11-24 00:00:00+01:00,1943.958372312367
2067,2013-11-25 00:00:00+01:00,2178.6760836752046
2067,2013-11-26 00:00:00+01:00,2097.498604679657
2067,2013-11-27 00:00:00+01:00,2168.247823853645
2067,2013-11-28 00:00:00+01:00,2146.235897665853
2067,2013-11-29 00:00:00+01:00,2317.169080490771
2067,2013-11-30 00:00:00+01:00,2304.6743366168457
2067,2013-12-01 00:00:00+01:00,2074.203773416458
2067,2013-12-02 00:00:00+01:00,2369.5259068190303
2067,2013-12-03 00:00:00+01:00,2453.9334224058443
2067,2013-12-04 00:00:00+01:00,2364.8921067450233
2067,2013-12-05 00:00:00+01:00,2173.25680200063
2067,2013-12-06 00:00:00+01:00,2517.8562989558695
2067,2013-12-07 00:00:00+01:00,2210.3976862014224
2067,2013-12-08 00:00:00+01:00,2079.212319891521
2105,2013-11-01 00:00:00+01:00,847.2059370582103
2105,2013-11-02 00:00:00+01:00,784.7159085884681
2105,2013-11-03 00:00:00+01:00,764.6892914772958
2105,2013-11-04 00:00:00+01:00,810.0813864420397
2105,2013-11-05 00:00:00+01:00,833.3684702999618
2105,2013-11-06 00:00:00+01:00,930.5542216592407
2105,2013-11-07 00:00:00+01:00,902.4690207238853
2105,2013-11-08 00:00:00+01:00,964.2366211340056
2105,2013-11-09 00:00:00+01:00,951.355812313249
2105,2013-11-10 00:00:00+01:00,885.4966271328706
2105,2013-11-11 00:00:00+01:00,961.48640128953
2105,2013-11-12 00:00:00+01:00,867.1707879848867
2105,2013-11-13 00:00:00+01:00,932.5969477115177
2105,2013-11-14 00:00:00+01:00,898.084555470572
2105,2013-11-15 00:00:00+01:00,976.8762292387307
2105,2013-11-16 00:00:00+01:00,951.0344131830581
2105,2013-11-17 00:00:00+01:00,897.5653795258927
2105,2013-11-18 00:00:00+01:00,935.1739050454348
2105,2013-11-19 00:00:00+01:00,959.6439813608455
2105,2013-11-20 00:00:00+01:00,993.9354739492198
2105,2013-11-21 00:00:00+01:00,1026.8531586575775
2105,2013-11-22 00:00:00+01:00,961.1882125097798
2105,2013-11-23 00:00:00+01:00,990.5803202072955
2105,2013-11-24 00:00:00+01:00,986.1154597699209
2105,2013-11-25 00:00:00+01:00,946.9967545438134
2105,2013-11-26 00:00:00+01:00,933.7016914860366
2105,2013-11-27 00:00:00+01:00,906.1292635215352
2105,2013-11-28 00:00:00+01:00,890.0121359309253
2105,2013-11-29 00:00:00+01:00,879.085688829887
2105,2013-11-30 00:00:00+01:00,957.0419729600633
2105,2013-12-01 00:00:00+01:00,880.1703135531021
2105,2013-12-02 00:00:00+01:00,861.5442954204705
2105,2013-12-03 00:00:00+01:00,875.0344360508554
2105,2013-12-04 00:00:00+01:00,826.3572034540198
2105,2013-12-05 00:00:00+01:00,840.9025942710741
2105,2013-12-06 00:00:00+01:00,885.966272559328
2105,2013-12-07 00:00:00+01:00,844.4262622299392
2105,2013-12-08 00:00:00+01:00,692.7531131703782
2351,2013-11-01 00:00:00+01:00,3178.5785237455
2351,2013-11-02 00:00:00+01:00,3657.118367441533
2351,2013-11-03 00:00:00+01:00,3811.9121471971775
2351,2013-11-04 00:00:00+01:00,3285.871732571225
2351,2013-11-05 00:00:00+01:00,3327.9773368372616
2351,2013-11-06 00:00:00+01:00,3450.726828721932
2351,2013-11-07 00:00:00+01:00,3521.3770985498686
2351,2013-11-08 00:00:00+01:00,3383.205761027197
2351,2013-11-09 00:00:00+01:00,3524.6442973678277
2351,2013-11-10 00:00:00+01:00,3682.6663427598724
2351,2013-11-11 00:00:00+01:00,3250.9071182994494
2351,2013-11-12 00:00:00+01:00,3757.2123611956267
2351,2013-11-13 00:00:00+01:00,3595.9435544121116
2351,2013-11-14 00:00:00+01:00,3313.5633319710423
2351,2013-11-15 00:00:00+01:00,3566.6676734474863
2351,2013-11-16 00:00:00+01:00,3358.729111226402
2351,2013-11-17 00:00:00+01:00,3764.781531990007
2351,2013-11-18 00:00:00+01:00,3397.958999916797
2351,2013-11-19 00:00:00+01:00,3380.373870758054
2351,2013-11-20 00:00:00+01:00,3581.087534914768
2351,2013-11-21 00:00:00+01:00,3604.508367358294
2351,2013-11-22 00:00:00+01:00,3639.425860885415
2351,2013-11-23 00:00:00+01:00,3759.053661316611
2351,2013-11-24 00:00:00+01:00,3702.711019997069
2351,2013-11-25 00:00:00+01:00,2099.2146209282478
2351,2013-11-26 00:00:00+01:00,1856.0554864825738
2351,2013-11-27 00:00:00+01:00,3312.0883644984096
2351,2013-11-28 00:00:00+01:00,3402.3377460661636
2351,2013-11-29 00:00:00+01:00,3370.6635844187226
2351,2013-11-30 00:00:00+01:00,3834.4158884779426
2351,2013-12-01 00:00:00+01:00,3756.228872779978
2351,2013-12-02 00:00:00+01:00,3596.530501222213
2351,2013-12-03 00:00:00+01:00,3759.7949610700225
2351,2013-12-04 00:00:00+01:00,3686.535114097184
2351,2013-12-05 00:00:00+01:00,3707.4577528734503
2351,2013-12-06 00:00:00+01:00,3454.5436636602863
2351,2013-12-07 00:00:00+01:00,4082.416540310161
2351,2013-12-08 00:00:00+01:00,3935.6882197005975
3037,2013-11-01 00:00:00+01:00,10842.93249035282
3037,2013-11-02 00:00:00+01:00,12339.162140468456
3037,2013-11-03 00:00:00+01:00,14350.142962701319
3037,2013-11-04 00:00:00+01:00,12815.75115472366
3037,2013-11-05 00:00:00+01:00,12602.555667389566
3037,2013-11-06 00:00:00+01:00,13855.783626132994
3037,2013-11-07 00:00:00+01:00,11834.951058245984
3037,2013-11-08 00:00:00+01:00,15046.322203229996
3037,2013-11-09 00:00:00+01:00,15675.290569011036
3037,2013-11-10 00:00:00+01:00,15112.550049967482
3037,2013-11-11 00:00:00+01:00,13027.950484279378
3037,2013-11-12 00:00:00+01:00,13764.661086163414
3037,2013-11-13 00:00:00+01:00,13157.26180813017
3037,2013-11-14 00:00:00+01:00,13501.407923583183
3037,2013-11-15 00:00:00+01:00,13405.24549457376
3037,2013-11-16 00:00:00+01:00,14444.509424141337
3037,2013-11-17 00:00:00+01:00,16063.223793798947
3037,2013-11-18 00:00:00+01:00,13655.66758305052
3037,2013-11-19 00:00:00+01:00,12251.7724253429
3037,2013-11-20 00:00:00+01:00,13672.19153709461
3037,2013-11-21 00:00:00+01:00,13844.424266252016
3037,2013-11-22 00:00:00+01:00,14154.643662234044
3037,2013-11-23 00:00:00+01:00,15326.464288653338
3037,2013-11-24 00:00:00+01:00,15669.326022970592
3037,2013-11-25 00:00:00+01:00,14153.738325025344
3037,2013-11-26 00:00:00+01:00,12797.716223497782
3037,2013-11-27 00:00:00+01:00,12404.989747647183
3037,2013-11-28 00:00:00+01:00,12264.250930253364
3037,2013-11-29 00:00:00+01:00,12159.851959039992
3037,2013-11-30 00:00:00+01:00,14052.618918658845
3037,2013-12-01 00:00:00+01:00,15280.953494679305
3037,2013-12-02 00:00:00+01:00,13501.380106348408
3037,2013-12-03 00:00:00+01:00,12552.4735601841
3037,2013-12-04 00:00:00+01:00,13471.063382542476
3037,2013-12-05 00:00:00+01:00,12539.238380159231
3037,2013-12-06 00:00:00+01:00,13976.469524959255
3037,2013-12-07 00:00:00+01:00,15872.252430459885
3037,2013-12-08 00:00:00+01:00,17638.45743963127
3797,2013-11-01 00:00:00+01:00,2959.739622169792
3797,2013-11-02 00:00:00+01:00,3011.7659390223616
3797,2013-11-03 00:00:00+01:00,3059.414346357822
3797,2013-11-04 00:00:00+01:00,3267.46526552101
3797,2013-11-05 00:00:00+01:00,3441.1385487949888
3797,2013-11-06 00:00:00+01:00,3556.9501525309433
3797,2013-11-07 00:00:00+01:00,3618.030991536756
3797,2013-11-08 00:00:00+01:00,3678.9672423059806
3797,2013-11-09 00:00:00+01:00,3541.146233650191
3797,2013-11-10 00:00:00+01:00,3540.890315298334
3797,2013-11-11 00:00:00+01:00,3721.6901907763777
3797,2013-11-12 00:00:00+01:00,3638.5853218387656
3797,2013-11-13 00:00:00+01:00,3698.2761931892833
3797,2013-11-14 00:00:00+01:00,3646.666849294036
3797,2013-11-15 00:00:00+01:00,3643.6383976678558
3797,2013-11-16 00:00:00+01:00,3463.1477486421504
3797,2013-11-17 00:00:00+01:00,3269.446358646902
3797,2013-11-18 00:00:00+01:00,3544.949591564867
3797,2013-11-19 00:00:00+01:00,3663.791217273494
3797,2013-11-20 00:00:00+01:00,3687.0024286168864
3797,2013-11-21 00:00:00+01:00,3541.4760614951592
3797,2013-11-22 00:00:00+01:00,3670.158333443538
3797,2013-11-23 00:00:00+01:00,3542.9683179854646
3797,2013-11-24 00:00:00+01:00,3562.5221138314914
3797,2013-11-25 00:00:00+01:00,3643.110261595493
3797,2013-11-26 00:00:00+01:00,3506.5482001603536
3797,2013-11-27 00:00:00+01:00,3492.2567017717492
3797,2013-11-28 00:00:00+01:00,3480.440854787147
3797,2013-11-29 00:00:00+01:00,3633.5172830417264
3797,2013-11-30 00:00:00+01:00,3644.9922133444943
3797,2013-12-01 00:00:00+01:00,3756.1861388367915
3797,2013-12-02 00:00:00+01:00,4466.022192149003
3797,2013-12-03 00:00:00+01:00,4011.4416180710227
3797,2013-12-04 00:00:00+01:00,3831.192613231838
3797,2013-12-05 00:00:00+01:00,3637.1866732472604
3797,2013-12-06 00:00:00+01:00,3748.5721204280458
3797,2013-12-07 00:00:00+01:00,3514.95382698977
3797,2013-12-08 00:00:00+01:00,3444.6601106457947
3955,2013-11-01 00:00:00+01:00,35769.662673031045
3955,2013-11-02 00:00:00+01:00,33680.76940817818
3955,2013-11-03 00:00:00+01:00,36376.176612085634
3955,2013-11-04 00:00:00+01:00,43146.10839409818
3955,2013-11-05 00:00:00+01:00,44832.30245476393
3955,2013-11-06 00:00:00+01:00,42887.2913577558
3955,2013-11-07 00:00:00+01:00,40292.88644069095
3955,2013-11-08 00:00:00+01:00,40408.590444200745
3955,2013-11-09 00:00:00+01:00,41124.18117584741
3955,2013-11-10 00:00:00+01:00,41174.58984395749
3955,2013-11-11 00:00:00+01:00,40791.76540274349
3955,2013-11-12 00:00:00+01:00,42415.698064368415
3955,2013-11-13 00:00:00+01:00,42964.914031920554
3955,2013-11-14 00:00:00+01:00,43144.069483831336
3955,2013-11-15 00:00:00+01:00,42449.88325838037
3955,2013-11-16 00:00:00+01:00,40984.034986519175
3955,2013-11-17 00:00:00+01:00,39548.62456039999
3955,2013-11-18 00:00:00+01:00,42751.644015902704
3955,2013-11-19 00:00:00+01:00,44125.774865412684
3955,2013-11-20 00:00:00+01:00,42893.17053408251
3955,2013-11-21 00:00:00+01:00,41584.18044248908
3955,2013-11-22 00:00:00+01:00,42147.1200876536
3955,2013-11-23 00:00:00+01:00,42197.88198353707
3955,2013-11-24 00:00:00+01:00,43896.90582867958
3955,2013-11-25 00:00:00+01:00,40722.46090073948
3955,2013-11-26 00:00:00+01:00,41493.692271809196
3955,2013-11-27 00:00:00+01:00,41356.646425833795
3955,2013-11-28 00:00:00+01:00,38670.27216184891
3955,2013-11-29 00:00:00+01:00,42114.38889695977
3955,2013-11-30 00:00:00+01:00,43382.43855605109
3955,2013-12-01 00:00:00+01:00,40436.002876035534
3955,2013-12-02 00:00:00+01:00,41461.2049635753
3955,2013-12-03 00:00:00+01:00,42225.56949401294
3955,2013-12-04 00:00:00+01:00,43618.332242120596
3955,2013-12-05 00:00:00+01:00,40976.897704225616
3955,2013-12-06 00:00:00+01:00,39804.76499939832
3955,2013-12-07 00:00:00+01:00,37516.457592425824
3955,2013-12-08 00:00:00+01:00,38365.79097046448
4111,2013-11-01 00:00:00+01:00,919.4884475239121
4111,2013-11-02 00:00:00+01:00,856.831288324663
4111,2013-11-03 00:00:00+01:00,904.9256688099503
4111,2013-11-04 00:00:00+01:00,1351.0427620891348
4111,2013-11-05 00:00:00+01:00,1373.6429720134167
4111,2013-11-06 00:00:00+01:00,1542.0458532455066
4111,2013-11-07 00:00:00+01:00,1416.8564445102625
4111,2013-11-08 00:00:00+01:00,1452.9414345859805
4111,2013-11-09 00:00:00+01:00,1053.962047413738
4111,2013-11-10 00:00:00+01:00,1064.16240421937
4111,2013-11-11 00:00:00+01:00,1422.9584543571295
4111,2013-11-12 00:00:00+01:00,1359.1912141136002
4111,2013-11-13 00:00:00+01:00,1335.7021651652658
4111,2013-11-14 00:00:00+01:00,1409.2162131364237
4111,2013-11-15 00:00:00+01:00,1506.9690530112157
4111,2013-11-16 00:00:00+01:00,1027.424075849667
4111,2013-11-17 00:00:00+01:00,936.5012854971237
4111,2013-11-18 00:00:00+01:00,1453.4715119507237
4111,2013-11-19 00:00:00+01:00,1461.8472237494623
4111,2013-11-20 00:00:00+01:00,1355.5884516176552
4111,2013-11-21 00:00:00+01:00,1437.433491688343
4111,2013-11-22 00:00:00+01:00,1342.1739602340713
4111,2013-11-23 00:00:00+01:00,936.097052246414
4111,2013-11-24 00:00:00+01:00,930.8084561165205
4111,2013-11-25 00:00:00+01:00,1320.0767061521242
4111,2013-11-26 00:00:00+01:00,1295.141668688969
4111,2013-11-27 00:00:00+01:00,1271.2781192143927
4111,2013-11-28 00:00:00+01:00,1230.4738735138487
4111,2013-11-29 00:00:00+01:00,1234.495892360157
4111,2013-11-30 00:00:00+01:00,938.0759028070834
4111,2013-12-01 00:00:00+01:00,832.728457963615
4111,2013-12-02 00:00:00+01:00,1264.370673389841
4111,2013-12-03 00:00:00+01:00,1300.8308304785887
4111,2013-12-04 00:00:00+01:00,1193.4605384249007
4111,2013-12-05 00:00:00+01:00,1209.3118318637971
4111,2013-12-06 00:00:00+01:00,1317.9600687674251
4111,2013-12-07 00:00:00+01:00,904.4118150754122
4111,2013-12-08 00:00:00+01:00,864.3356313632239
4232,2013-11-01 00:00:00+01:00,3590.5920964699194
4232,2013-11-02 00:00:00+01:00,3868.7931011427836
4232,2013-11-03 00:00:00+01:00,3651.773947907402
4232,2013-11-04 00:00:00+01:00,5899.59181401277
4232,2013-11-05 00:00:00+01:00,5813.343019512932
4232,2013-11-06 00:00:00+01:00,5611.115775009777
4232,2013-11-07 00:00:00+01:00,5784.314441409461
4232,2013-11-08 00:00:00+01:00,5635.207424329579
4232,2013-11-09 00:00:00+01:00,4591.807903546625
4232,2013-11-10 00:00:00+01:00,3553.052509288444
4232,2013-11-11 00:00:00+01:00,5650.46946891594
4232,2013-11-12 00:00:00+01:00,9028.462817658572
4232,2013-11-13 00:00:00+01:00,8340.895087462946
4232,2013-11-14 00:00:00+01:00,4681.0607065326285
4232,2013-11-15 00:00:00+01:00,5166.006819788132
4232,2013-11-16 00:00:00+01:00,3199.248585781372
4232,2013-11-17 00:00:00+01:00,2877.005938134636
4232,2013-11-18 00:00:00+01:00,5007.503604277756
4232,2013-11-19 00:00:00+01:00,5335.307634176497
4232,2013-11-20 00:00:00+01:00,4903.938095182494
4232,2013-11-21 00:00:00+01:00,4967.387159140697
4232,2013-11-22 00:00:00+01:00,4663.264549113931
4232,2013-11-23 00:00:00+01:00,3454.3513612043994
4232,2013-11-24 00:00:00+01:00,3234.0912798095937
4232,2013-11-25 00:00:00+01:00,4864.157044247382
4232,2013-11-26 00:00:00+01:00,5033.187233367278
4232,2013-11-27 00:00:00+01:00,4930.77261256167
4232,2013-11-28 00:00:00+01:00,5039.168705499183
4232,2013-11-29 00:00:00+01:00,4670.107083389623
4232,2013-11-30 00:00:00+01:00,3913.1718868720504
4232,2013-12-01 00:00:00+01:00,3204.8152453198404
4232,2013-12-02 00:00:00+01:00,5207.493850939664
4232,2013-12-03 00:00:00+01:00,5226.249576278072
4232,2013-12-04 00:00:00+01:00,4755.257038216242
4232,2013-12-05 00:00:00+01:00,4851.328161388296
4232,2013-12-06 00:00:00+01:00,4544.152990735045
4232,2013-12-07 00:00:00+01:00,3750.5172329859033
4232,2013-12-08 00:00:00+01:00,3113.3047270155866
4587,2013-11-01 00:00:00+01:00,1306.912647143409
4587,2013-11-02 00:00:00+01:00,1205.7762808374705
4587,2013-11-03 00:00:00+01:00,1418.1873527598293
4587,2013-11-04 00:00:00+01:00,1912.9853275081084
4587,2013-11-05 00:00:00+01:00,1904.8584608665979
4587,2013-11-06 00:00:00+01:00,1896.3620725311257
4587,2013-11-07 00:00:00+01:00,1995.7140130529592
4587,2013-11-08 00:00:00+01:00,2009.4595858356247
4587,2013-11-09 00:00:00+01:00,1293.7685346320504
4587,2013-11-10 00:00:00+01:00,1492.7892542920374
4587,2013-11-11 00:00:00+01:00,2004.7677317858772
4587,2013-11-12 00:00:00+01:00,1927.1770393576312
4587,2013-11-13 00:00:00+01:00,2049.347119070279
4587,2013-11-14 00:00:00+01:00,2025.9192248189975
4587,2013-11-15 00:00:00+01:00,2129.0682381446263
4587,2013-11-16 00:00:00+01:00,1450.5722753001687
4587,2013-11-17 00:00:00+01:00,1402.3027047372236
4587,2013-11-18 00:00:00+01:00,2071.6805177973947
4587,2013-11-19 00:00:00+01:00,2168.174789856113
4587,2013-11-20 00:00:00+01:00,2072.3593225117393
4587,2013-11-21 00:00:00+01:00,2118.52352052041
4587,2013-11-22 00:00:00+01:00,1956.6205463715671
4587,2013-11-23 00:00:00+01:00,1370.6307726089194
4587,2013-11-24 00:00:00+01:00,1412.7095281902173
4587,2013-11-25 00:00:00+01:00,1922.723769925568
4587,2013-11-26 00:00:00+01:00,1983.8188195187795
4587,2013-11-27 00:00:00+01:00,1883.5275435668275
4587,2013-11-28 00:00:00+01:00,1926.16590614615
4587,2013-11-29 00:00:00+01:00,1860.3042986743321
4587,2013-11-30 00:00:00+01:00,1457.8995673294003
4587,2013-12-01 00:00:00+01:00,1514.2826358858765
4587,2013-12-02 00:00:00+01:00,2163.921525338946
4587,2013-12-03 00:00:00+01:00,2033.689587162116
4587,2013-12-04 00:00:00+01:00,2158.280496962962
4587,2013-12-05 00:00:00+01:00,2263.806611524099
4587,2013-12-06 00:00:00+01:00,2124.8514123175296
4587,2013-12-07 00:00:00+01:00,1536.5516447164632
4587,2013-12-08 00:00:00+01:00,1564.2837622034876
4737,2013-11-01 00:00:00+01:00,11638.791385796221
4737,2013-11-02 00:00:00+01:00,12533.309919299882
4737,2013-11-03 00:00:00+01:00,12858.686863551213
4737,2013-11-04 00:00:00+01:00,15657.456733215038
4737,2013-11-05 00:00:00+01:00,15423.501785625258
4737,2013-11-06 00:00:00+01:00,14671.018061192195
4737,2013-11-07 00:00:00+01:00,14675.531942298878
4737,2013-11-08 00:00:00+01:00,15108.870327964349
4737,2013-11-09 00:00:00+01:00,13722.662117824842
4737,2013-11-10 00:00:00+01:00,13905.096317744421
4737,2013-11-11 00:00:00+01:00,14831.428722884531
4737,2013-11-12 00:00:00+01:00,11504.063892037831
4737,2013-11-13 00:00:00+01:00,6420.412160035918
4737,2013-11-14 00:00:00+01:00,3640.1986164498608
4737,2013-11-15 00:00:00+01:00,3364.484480009788
4737,2013-11-16 00:00:00+01:00,2884.974413688817
4737,2013-11-17 00:00:00+01:00,2544.692382817949
4737,2013-11-18 00:00:00+01:00,3152.3339850005727
4737,2013-11-19 00:00:00+01:00,3329.32822875407
4737,2013-11-20 00:00:00+01:00,3220.7866324277156
4737,2013-11-21 00:00:00+01:00,3081.7656529640944
4737,2013-11-22 00:00:00+01:00,3086.393264298242
4737,2013-11-23 00:00:00+01:00,2783.525001487354
4737,2013-11-24 00:00:00+01:00,2626.7093070478522
4737,2013-11-25 00:00:00+01:00,3031.564234744757
4737,2013-11-26 00:00:00+01:00,3005.045404738022
4737,2013-11-27 00:00:00+01:00,2995.0757751938713
4737,2013-11-28 00:00:00+01:00,3122.931086833722
4737,2013-11-29 00:00:00+01:00,3045.93171305951
4737,2013-11-30 00:00:00+01:00,2884.4332767503815
4737,2013-12-01 00:00:00+01:00,2835.6887090417295
4737,2013-12-02 00:00:00+01:00,3233.049079381535
4737,2013-12-03 00:00:00+01:00,3623.2894277567516
4737,2013-12-04 00:00:00+01:00,3230.602352917911
4737,2013-12-05 00:00:00+01:00,3145.05730814327
4737,2013-12-06 00:00:00+01:00,3376.5563106346235
4737,2013-12-07 00:00:00+01:00,2974.314901002769
4737,2013-12-08 00:00:00+01:00,2393.501945808938
5172,2013-11-01 00:00:00+01:00,48275.35460245974
5172,2013-11-02 00:00:00+01:00,43505.638515457395
5172,2013-11-03 00:00:00+01:00,48237.35339680707
5172,2013-11-04 00:00:00+01:00,55575.77215078945
5172,2013-11-05 00:00:00+01:00,55194.68962342341
5172,2013-11-06 00:00:00+01:00,53384.099731655275
5172,2013-11-07 00:00:00+01:00,54880.81759101279
5172,2013-11-08 00:00:00+01:00,56943.99998491168
5172,2013-11-09 00:00:00+01:00,55249.40456674918
5172,2013-11-10 00:00:00+01:00,55723.68054074405
5172,2013-11-11 00:00:00+01:00,55594.5929809482
5172,2013-11-12 00:00:00+01:00,55872.229698859875
5172,2013-11-13 00:00:00+01:00,55741.29496230651
5172,2013-11-14 00:00:00+01:00,54995.82064198243
5172,2013-11-15 00:00:00+01:00,54265.174261038694
5172,2013-11-16 00:00:00+01:00,53983.22491031312
5172,2013-11-17 00:00:00+01:00,50395.121179635775
5172,2013-11-18 00:00:00+01:00,54658.24962023054
5172,2013-11-19 00:00:00+01:00,55846.61177565021
5172,2013-11-20 00:00:00+01:00,54119.7797025345
5172,2013-11-21 00:00:00+01:00,55327.78788062411
5172,2013-11-22 00:00:00+01:00,53604.63798285616
5172,2013-11-23 00:00:00+01:00,56260.98391863024
5172,2013-11-24 00:00:00+01:00,56273.57825122891
5172,2013-11-25 00:00:00+01:00,58349.990181400695
5172,2013-11-26 00:00:00+01:00,55623.21008451208
5172,2013-11-27 00:00:00+01:00,54112.17897531364
5172,2013-11-28 00:00:00+01:00,50374.428665804866
5172,2013-11-29 00:00:00+01:00,51859.16073926164
5172,2013-11-30 00:00:00+01:00,52178.738517420934
5172,2013-12-01 00:00:00+01:00,50510.99021742301
5172,2013-12-02 00:00:00+01:00,50140.39119937226
5172,2013-12-03 00:00:00+01:00,52175.94899583368
5172,2013-12-04 00:00:00+01:00,50067.76417483525
5172,2013-12-05 00:00:00+01:00,53013.71207999405
5172,2013-12-06 00:00:00+01:00,52866.20431181817
5172,2013-12-07 00:00:00+01:00,51783.6169149919
5172,2013-12-08 00:00:00+01:00,56342.83731883216
5200,2013-11-01 00:00:00+01:00,5409.565464454276
5200,2013-11-02 00:00:00+01:00,4534.0985101851475
5200,2013-11-03 00:00:00+01:00,6171.927726183947
5200,2013-11-04 00:00:00+01:00,6316.347941549683
5200,2013-11-05 00:00:00+01:00,5828.090692981715
5200,2013-11-06 00:00:00+01:00,5891.442805496147
5200,2013-11-07 00:00:00+01:00,5830.633671367081
5200,2013-11-08 00:00:00+01:00,6237.664336463402
5200,2013-11-09 00:00:00+01:00,6288.359596150792
5200,2013-11-10 00:00:00+01:00,7245.064913715862
5200,2013-11-11 00:00:00+01:00,6338.760687163822
5200,2013-11-12 00:00:00+01:00,5983.223718023927
5200,2013-11-13 00:00:00+01:00,6022.0943885293345
5200,2013-11-14 00:00:00+01:00,5893.401122617168
5200,2013-11-15 00:00:00+01:00,6545.971627811697
5200,2013-11-16 00:00:00+01:00,6439.532903740664
5200,2013-11-17 00:00:00+01:00,6431.474273691794
5200,2013-11-18 00:00:00+01:00,6179.51422010466
5200,2013-11-19 00:00:00+01:00,6609.462390608591
5200,2013-11-20 00:00:00+01:00,5864.957779870768
5200,2013-11-21 00:00:00+01:00,6335.033916702276
5200,2013-11-22 00:00:00+01:00,6441.144858942066
5200,2013-11-23 00:00:00+01:00,6703.508321358037
5200,2013-11-24 00:00:00+01:00,7161.765478972171
5200,2013-11-25 00:00:00+01:00,5768.396578416236
5200,2013-11-26 00:00:00+01:00,6304.017408052276
5200,2013-11-27 00:00:00+01:00,5969.961941208883
5200,2013-11-28 00:00:00+01:00,5787.246116288559
5200,2013-11-29 00:00:00+01:00,6036.243527265545
5200,2013-11-30 00:00:00+01:00,6701.159254921708
5200,2013-12-01 00:00:00+01:00,7301.4586239205855
5200,2013-12-02 00:00:00+01:00,5980.888459853561
5200,2013-12-03 00:00:00+01:00,6215.530776482082
5200,2013-12-04 00:00:00+01:00,6349.255953294612
5200,2013-12-05 00:00:00+01:00,6089.52325983048
5200,2013-12-06 00:00:00+01:00,6612.698982415601
5200,2013-12-07 00:00:00+01:00,6669.026945522851
5200,2013-12-08 00:00:00+01:00,6891.755749200902
5409,2013-11-01 00:00:00+01:00,125.41874878577423
5409,2013-11-02 00:00:00+01:00,135.965569609011
5409,2013-11-03 00:00:00+01:00,124.63094153780877
5409,2013-11-04 00:00:00+01:00,297.1931030903128
5409,2013-11-05 00:00:00+01:00,281.11695829769536
5409,2013-11-06 00:00:00+01:00,321.019118915392
5409,2013-11-07 00:00:00+01:00,163.8172656571479
5409,2013-11-08 00:00:00+01:00,250.14172554118858
5409,2013-11-09 00:00:00+01:00,128.97609628678336
5409,2013-11-10 00:00:00+01:00,166.97543922950098
5409,2013-11-11 00:00:00+01:00,263.82920936197456
5409,2013-11-12 00:00:00+01:00,288.34476973601255
5409,2013-11-13 00:00:00+01:00,276.3104295041004
5409,2013-11-14 00:00:00+01:00,285.38944988071086
5409,2013-11-15 00:00:00+01:00,289.68205880833693
5409,2013-11-16 00:00:00+01:00,147.1000649653154
5409,2013-11-17 00:00:00+01:00,138.95290756823314
5409,2013-11-18 00:00:00+01:00,290.50668522033783
5409,2013-11-19 00:00:00+01:00,317.1494854350419
5409,2013-11-20 00:00:00+01:00,308.059796822028
5409,2013-11-21 00:00:00+01:00,296.5651811755411
5409,2013-11-22 00:00:00+01:00,240.28038010504972
5409,2013-11-23 00:00:00+01:00,147.85251614352657
5409,2013-11-24 00:00:00+01:00,139.7956615187181
5409,2013-11-25 00:00:00+01:00,296.0729059131058
5409,2013-11-26 00:00:00+01:00,314.4387431674869
5409,2013-11-27 00:00:00+01:00,291.51003031507764
5409,2013-11-28 00:00:00+01:00,302.5903877242415
5409,2013-11-29 00:00:00+01:00,236.707703627062
5409,2013-11-30 00:00:00+01:00,133.08705964088117
5409,2013-12-01 00:00:00+01:00,104.54110753327845
5409,2013-12-02 00:00:00+01:00,269.29951676474786
5409,2013-12-03 00:00:00+01:00,294.49716308789107
5409,2013-12-04 00:00:00+01:00,267.92361121618734
5409,2013-12-05 00:00:00+01:00,260.3047014127479
5409,2013-12-06 00:00:00+01:00,254.42281869735618
5409,2013-12-07 00:00:00+01:00,137.19069202218228
5409,2013-12-08 00:00:00+01:00,121.587950362779
5867,2013-11-01 00:00:00+01:00,61034.13500972782
5867,2013-11-02 00:00:00+01:00,68212.47007646102
5867,2013-11-03 00:00:00+01:00,65166.89063638598
5867,2013-11-04 00:00:00+01:00,70404.66283374715
5867,2013-11-05 00:00:00+01:00,81238.34989879328
5867,2013-11-06 00:00:00+01:00,78988.20881445077
5867,2013-11-07 00:00:00+01:00,85041.04966927403
5867,2013-11-08 00:00:00+01:00,80863.46325186292
5867,2013-11-09 00:00:00+01:00,84262.1824532932
5867,2013-11-10 00:00:00+01:00,69788.14806203694
5867,2013-11-11 00:00:00+01:00,79497.40359275212
5867,2013-11-12 00:00:00+01:00,82636.86764268971
5867,2013-11-13 00:00:00+01:00,83856.93539477493
5867,2013-11-14 00:00:00+01:00,85539.25701068473
5867,2013-11-15 00:00:00+01:00,77893.90016335527
5867,2013-11-16 00:00:00+01:00,80936.09359476171
5867,2013-11-17 00:00:00+01:00,69591.0137280313
5867,2013-11-18 00:00:00+01:00,71417.14364386034
5867,2013-11-19 00:00:00+01:00,76770.39384033249
5867,2013-11-20 00:00:00+01:00,87335.00937552859
5867,2013-11-21 00:00:00+01:00,73834.96103923455
5867,2013-11-22 00:00:00+01:00,74244.54007757062
5867,2013-11-23 00:00:00+01:00,76095.23242653925
5867,2013-11-24 00:00:00+01:00,65636.31436030251
5867,2013-11-25 00:00:00+01:00,70442.55193961672
5867,2013-11-26 00:00:00+01:00,70100.55447620526
5867,2013-11-27 00:00:00+01:00,69480.37911548588
5867,2013-11-28 00:00:00+01:00,75481.5735753078
5867,2013-11-29 00:00:00+01:00,67882.44669491301
5867,2013-11-30 00:00:00+01:00,68427.89332581934
5867,2013-12-01 00:00:00+01:00,63790.926131840126
5867,2013-12-02 00:00:00+01:00,70997.21324840403
5867,2013-12-03 00:00:00+01:00,76654.51519977931
5867,2013-12-04 00:00:00+01:00,66798.115832995
5867,2013-12-05 00:00:00+01:00,67277.4533290835
5867,2013-12-06 00:00:00+01:00,64725.78727535075
5867,2013-12-07 00:00:00+01:00,69182.21159947514
5867,2013-12-08 00:00:00+01:00,65897.33829336432
5882,2013-11-01 00:00:00+01:00,3473.847614911604
5882,2013-11-02 00:00:00+01:00,2826.9129535375478
5882,2013-11-03 00:00:00+01:00,3151.670934302937
5882,2013-11-04 00:00:00+01:00,4912.076895400376
5882,2013-11-05 00:00:00+01:00,4933.30119920851
5882,2013-11-06 00:00:00+01:00,5097.376481428751
5882,2013-11-07 00:00:00+01:00,5175.176403044085
5882,2013-11-08 00:00:00+01:00,5981.95106216748
5882,2013-11-09 00:00:00+01:00,4215.086644933179
5882,2013-11-10 00:00:00+01:00,3667.9783861155165
5882,2013-11-11 00:00:00+01:00,5616.592149003579
5882,2013-11-12 00:00:00+01:00,5342.045860646932
5882,2013-11-13 00:00:00+01:00,5374.513765441149
5882,2013-11-14 00:00:00+01:00,5332.364812643258
5882,2013-11-15 00:00:00+01:00,5585.6347517027025
5882,2013-11-16 00:00:00+01:00,3565.181552502557
5882,2013-11-17 00:00:00+01:00,3265.3610963725187
5882,2013-11-18 00:00:00+01:00,5305.145236594653
5882,2013-11-19 00:00:00+01:00,5450.654573152298
5882,2013-11-20 00:00:00+01:00,5902.560727675875
5882,2013-11-21 00:00:00+01:00,5360.67695930197
5882,2013-11-22 00:00:00+01:00,5015.631497199
5882,2013-11-23 00:00:00+01:00,3746.2286222900902
5882,2013-11-24 00:00:00+01:00,3451.5062363011525
5882,2013-11-25 00:00:00+01:00,5134.468884135114
5882,2013-11-26 00:00:00+01:00,4670.012107202384
5882,2013-11-27 00:00:00+01:00,5032.91582683453
5882,2013-11-28 00:00:00+01:00,4870.829744920964
5882,2013-11-29 00:00:00+01:00,4814.983104924178
5882,2013-11-30 00:00:00+01:00,3564.32914971712
5882,2013-12-01 00:00:00+01:00,2995.8607693140425
5882,2013-12-02 00:00:00+01:00,5199.587629281007
5882,2013-12-03 00:00:00+01:00,5071.8157494374545
5882,2013-12-04 00:00:00+01:00,4562.10502190073
5882,2013-12-05 00:00:00+01:00,4846.306047254029
5882,2013-12-06 00:00:00+01:00,4949.950565252973
5882,2013-12-07 00:00:00+01:00,3300.7673009847786
5882,2013-12-08 00:00:00+01:00,3025.3743358956995
6320,2013-11-01 00:00:00+01:00,2184.6045902321575
6320,2013-11-02 00:00:00+01:00,2777.152617944369
6320,2013-11-03 00:00:00+01:00,2305.287265049707
6320,2013-11-04 00:00:00+01:00,2403.864312326928
6320,2013-11-05 00:00:00+01:00,2318.785753982579
6320,2013-11-06 00:00:00+01:00,2298.8718482959976
6320,2013-11-07 00:00:00+01:00,2564.663187623952
6320,2013-11-08 00:00:00+01:00,2582.6466731935975
6320,2013-11-09 00:00:00+01:00,2494.718326229039
6320,2013-11-10 00:00:00+01:00,2355.8006698967743
6320,2013-11-11 00:00:00+01:00,2274.7097241823626
6320,2013-11-12 00:00:00+01:00,2404.918771098587
6320,2013-11-13 00:00:00+01:00,2409.4661406451078
6320,2013-11-14 00:00:00+01:00,2490.1356878448246
6320,2013-11-15 00:00:00+01:00,2589.066012264237
6320,2013-11-16 00:00:00+01:00,2489.541092181133
6320,2013-11-17 00:00:00+01:00,2621.7935520019473
6320,2013-11-18 00:00:00+01:00,2148.107340794874
6320,2013-11-19 00:00:00+01:00,2328.0090568206315
6320,2013-11-20 00:00:00+01:00,2428.8208684370725
6320,2013-11-21 00:00:00+01:00,2499.8465661142823
6320,2013-11-22 00:00:00+01:00,2530.662146234613
6320,2013-11-23 00:00:00+01:00,2715.607493958756
6320,2013-11-24 00:00:00+01:00,2511.0706458001605
6320,2013-11-25 00:00:00+01:00,2490.348879262628
6320,2013-11-26 00:00:00+01:00,2514.8881568216634
6320,2013-11-27 00:00:00+01:00,2273.1550920768414
6320,2013-11-28 00:00:00+01:00,2255.892268883705
6320,2013-11-29 00:00:00+01:00,2323.637598588129
6320,2013-11-30 00:00:00+01:00,2229.2048645324094
6320,2013-12-01 00:00:00+01:00,2163.418654110883
6320,2013-12-02 00:00:00+01:00,2408.589736682078
6320,2013-12-03 00:00:00+01:00,2532.3975584491045
6320,2013-12-04 00:00:00+01:00,2397.049357919558
6320,2013-12-05 00:00:00+01:00,2600.1097488915057
6320,2013-12-06 00:00:00+01:00,2424.254288167933
6320,2013-12-07 00:00:00+01:00,2604.2157367074055
6320,2013-12-08 00:00:00+01:00,2233.9351841281514
6481,2013-11-01 00:00:00+01:00,5417.095183879706
6481,2013-11-02 00:00:00+01:00,4642.536263075364
6481,2013-11-03 00:00:00+01:00,4884.781596525644
6481,2013-11-04 00:00:00+01:00,6263.371026882912
6481,2013-11-05 00:00:00+01:00,6125.792862423624
6481,2013-11-06 00:00:00+01:00,6181.738699199049
6481,2013-11-07 00:00:00+01:00,6039.402996289786
6481,2013-11-08 00:00:00+01:00,6181.100801097082
6481,2013-11-09 00:00:00+01:00,5822.676743623418
6481,2013-11-10 00:00:00+01:00,4752.975227886994
6481,2013-11-11 00:00:00+01:00,5656.002190747717
6481,2013-11-12 00:00:00+01:00,5595.384424269632
6481,2013-11-13 00:00:00+01:00,5720.022172169139
6481,2013-11-14 00:00:00+01:00,5700.028154368723
6481,2013-11-15 00:00:00+01:00,5899.419308211022
6481,2013-11-16 00:00:00+01:00,5251.362303192503
6481,2013-11-17 00:00:00+01:00,4229.115777127164
6481,2013-11-18 00:00:00+01:00,5135.940929905882
6481,2013-11-19 00:00:00+01:00,5569.372263231054
6481,2013-11-20 00:00:00+01:00,5649.124494356889
6481,2013-11-21 00:00:00+01:00,5485.975142197425
6481,2013-11-22 00:00:00+01:00,5082.840736321363
6481,2013-11-23 00:00:00+01:00,4414.774456713456
6481,2013-11-24 00:00:00+01:00,3904.9895763497816
6481,2013-11-25 00:00:00+01:00,4872.634376631207
6481,2013-11-26 00:00:00+01:00,5027.311847058526
6481,2013-11-27 00:00:00+01:00,4811.57871346257
6481,2013-11-28 00:00:00+01:00,4841.7418158495375
6481,2013-11-29 00:00:00+01:00,4696.314062550742
6481,2013-11-30 00:00:00+01:00,4394.906074120648
6481,2013-12-01 00:00:00+01:00,3773.722782093994
6481,2013-12-02 00:00:00+01:00,4587.6074794921215
6481,2013-12-03 00:00:00+01:00,4990.852200343546
6481,2013-12-04 00:00:00+01:00,4833.632001317607
6481,2013-12-05 00:00:00+01:00,4629.247728313619
6481,2013-12-06 00:00:00+01:00,4603.689484497804
6481,2013-12-07 00:00:00+01:00,3740.897373867522
6481,2013-12-08 00:00:00+01:00,3659.1229977356097
7255,2013-11-01 00:00:00+01:00,26485.36879321226
7255,2013-11-02 00:00:00+01:00,26691.05598799537
7255,2013-11-03 00:00:00+01:00,27550.654023227384
7255,2013-11-04 00:00:00+01:00,29713.675952171383
7255,2013-11-05 00:00:00+01:00,28071.066850869527
7255,2013-11-06 00:00:00+01:00,28982.736364502984
7255,2013-11-07 00:00:00+01:00,29925.52010528803
7255,2013-11-08 00:00:00+01:00,29854.780194329214
7255,2013-11-09 00:00:00+01:00,32802.26542678719
7255,2013-11-10 00:00:00+01:00,30592.403133186926
7255,2013-11-11 00:00:00+01:00,28209.984458327002
7255,2013-11-12 00:00:00+01:00,27466.849692192092
7255,2013-11-13 00:00:00+01:00,28116.350564925786
7255,2013-11-14 00:00:00+01:00,28610.041852352784
7255,2013-11-15 00:00:00+01:00,29322.349624432198
7255,2013-11-16 00:00:00+01:00,29229.089814195508
7255,2013-11-17 00:00:00+01:00,28831.313214894897
7255,2013-11-18 00:00:00+01:00,28713.215091402704
7255,2013-11-19 00:00:00+01:00,29811.21294784166
7255,2013-11-20 00:00:00+01:00,28081.134242711043
7255,2013-11-21 00:00:00+01:00,26925.070847334173
7255,2013-11-22 00:00:00+01:00,28823.37007327164
7255,2013-11-23 00:00:00+01:00,29121.53261649893
7255,2013-11-24 00:00:00+01:00,30300.754891172357
7255,2013-11-25 00:00:00+01:00,28720.758342014302
7255,2013-11-26 00:00:00+01:00,28809.294177637552
7255,2013-11-27 00:00:00+01:00,27964.089071153514
7255,2013-11-28 00:00:00+01:00,32760.259624287395
7255,2013-11-29 00:00:00+01:00,29240.264339356116
7255,2013-11-30 00:00:00+01:00,34686.593205547244
7255,2013-12-01 00:00:00+01:00,32456.0105288604
7255,2013-12-02 00:00:00+01:00,32101.577654703084
7255,2013-12-03 00:00:00+01:00,31387.0388257755
7255,2013-12-04 00:00:00+01:00,28343.09293867158
7255,2013-12-05 00:00:00+01:00,29963.95265536065
7255,2013-12-06 00:00:00+01:00,28472.065533540317
7255,2013-12-07 00:00:00+01:00,29304.16748001131
7255,2013-12-08 00:00:00+01:00,28560.079467062562
7423,2013-11-01 00:00:00+01:00,4618.429330542855
7423,2013-11-02 00:00:00+01:00,4332.302228193728
7423,2013-11-03 00:00:00+01:00,4383.313505171562
7423,2013-11-04 00:00:00+01:00,5219.717983523913
7423,2013-11-05 00:00:00+01:00,6141.534493180835
7423,2013-11-06 00:00:00+01:00,6749.699374405401
7423,2013-11-07 00:00:00+01:00,6924.525022565694
7423,2013-11-08 00:00:00+01:00,7876.359950430215
7423,2013-11-09 00:00:00+01:00,6403.980026962651
7423,2013-11-10 00:00:00+01:00,6676.925665530841
7423,2013-11-11 00:00:00+01:00,4748.1378223575175
7423,2013-11-12 00:00:00+01:00,5097.242575004564
7423,2013-11-13 00:00:00+01:00,5844.2512133112705
7423,2013-11-14 00:00:00+01:00,5991.5865323071
7423,2013-11-15 00:00:00+01:00,6052.9952739229175
7423,2013-11-16 00:00:00+01:00,4683.259020606167
7423,2013-11-17 00:00:00+01:00,4130.229919737045
7423,2013-11-18 00:00:00+01:00,4863.334812679813
7423,2013-11-19 00:00:00+01:00,5246.266198985667
7423,2013-11-20 00:00:00+01:00,5162.271448997284
7423,2013-11-21 00:00:00+01:00,5933.899677780553
7423,2013-11-22 00:00:00+01:00,5519.605303160468
7423,2013-11-23 00:00:00+01:00,3972.268627595956
7423,2013-11-24 00:00:00+01:00,3823.2087721765247
7423,2013-11-25 00:00:00+01:00,5302.421687744933
7423,2013-11-26 00:00:00+01:00,4047.2792796511917
7423,2013-11-27 00:00:00+01:00,5565.3080282907895
7423,2013-11-28 00:00:00+01:00,5786.828008638166
7423,2013-11-29 00:00:00+01:00,6220.478113176917
7423,2013-11-30 00:00:00+01:00,12832.650321158899
7423,2013-12-01 00:00:00+01:00,13349.566351038626
7423,2013-12-02 00:00:00+01:00,12324.282625709233
7423,2013-12-03 00:00:00+01:00,11157.905028278117
7423,2013-12-04 00:00:00+01:00,11493.448764151111
7423,2013-12-05 00:00:00+01:00,12061.000386310174
7423,2013-12-06 00:00:00+01:00,13313.162886486183
7423,2013-12-07 00:00:00+01:00,13656.649660059056
7423,2013-12-08 00:00:00+01:00,13440.324704388386
7680,2013-11-01 00:00:00+01:00,8951.429248728522
7680,2013-11-02 00:00:00+01:00,8566.311131635393
7680,2013-11-03 00:00:00+01:00,9437.605828572196
7680,2013-11-04 00:00:00+01:00,9578.99711107097
7680,2013-11-05 00:00:00+01:00,9548.401975653589
7680,2013-11-06 00:00:00+01:00,9293.985103449519
7680,2013-11-07 00:00:00+01:00,9161.752862382526
7680,2013-11-08 00:00:00+01:00,9637.615087978966
7680,2013-11-09 00:00:00+01:00,9832.380662454558
7680,2013-11-10 00:00:00+01:00,10232.16447927607
7680,2013-11-11 00:00:00+01:00,9722.791139285073
7680,2013-11-12 00:00:00+01:00,9329.499615139268
7680,2013-11-13 00:00:00+01:00,9803.035846731567
7680,2013-11-14 00:00:00+01:00,9634.345166129884
7680,2013-11-15 00:00:00+01:00,6735.258184275438
7680,2013-11-16 00:00:00+01:00,2506.7058735780206
7680,2013-11-17 00:00:00+01:00,2524.8923459676153
7680,2013-11-18 00:00:00+01:00,3294.835879637189
7680,2013-11-19 00:00:00+01:00,3433.049975211593
7680,2013-11-20 00:00:00+01:00,3597.380920773694
7680,2013-11-21 00:00:00+01:00,3330.5742765907526
7680,2013-11-22 00:00:00+01:00,3425.9177161123066
7680,2013-11-23 00:00:00+01:00,2592.72263860388
7680,2013-11-24 00:00:00+01:00,2502.4287298668273
7680,2013-11-25 00:00:00+01:00,2936.4521617740743
7680,2013-11-26 00:00:00+01:00,2899.127984899976
7680,2013-11-27 00:00:00+01:00,2815.0332679389817
7680,2013-11-28 00:00:00+01:00,2861.7208891099585
7680,2013-11-29 00:00:00+01:00,3001.6726608248796
7680,2013-11-30 00:00:00+01:00,2386.8913152803657
7680,2013-12-01 00:00:00+01:00,2304.5765535875844
7680,2013-12-02 00:00:00+01:00,2880.729814055742
7680,2013-12-03 00:00:00+01:00,3314.2516318321955
7680,2013-12-04 00:00:00+01:00,3105.274845797025
7680,2013-12-05 00:00:00+01:00,2811.014639113566
7680,2013-12-06 00:00:00+01:00,3112.210162478359
7680,2013-12-07 00:00:00+01:00,2126.553559603283
7680,2013-12-08 00:00:00+01:00,2321.496569293273
8067,2013-11-01 00:00:00+01:00,9915.46590076265
8067,2013-11-02 00:00:00+01:00,9714.814607366183
8067,2013-11-03 00:00:00+01:00,9209.470677832682
8067,2013-11-04 00:00:00+01:00,10917.57958258126
8067,2013-11-05 00:00:00+01:00,10798.725030953068
8067,2013-11-06 00:00:00+01:00,10869.26800047111
8067,2013-11-07 00:00:00+01:00,11020.281294058512
8067,2013-11-08 00:00:00+01:00,11941.774232042377
8067,2013-11-09 00:00:00+01:00,10559.581804339574
8067,2013-11-10 00:00:00+01:00,10564.86824403681
8067,2013-11-11 00:00:00+01:00,11248.76057806196
8067,2013-11-12 00:00:00+01:00,10851.272041305005
8067,2013-11-13 00:00:00+01:00,11790.698034999194
8067,2013-11-14 00:00:00+01:00,10623.14308780911
8067,2013-11-15 00:00:00+01:00,11387.174860375962
8067,2013-11-16 00:00:00+01:00,10201.194187713558
8067,2013-11-17 00:00:00+01:00,9734.06670520744
8067,2013-11-18 00:00:00+01:00,13744.396462323413
8067,2013-11-19 00:00:00+01:00,12754.528722794556
8067,2013-11-20 00:00:00+01:00,12172.229095593764
8067,2013-11-21 00:00:00+01:00,12422.157264710768
8067,2013-11-22 00:00:00+01:00,12251.094909232532
8067,2013-11-23 00:00:00+01:00,11525.157920599115
8067,2013-11-24 00:00:00+01:00,10306.900835196326
8067,2013-11-25 00:00:00+01:00,10513.6143625028
8067,2013-11-26 00:00:00+01:00,8711.020746852082
8067,2013-11-27 00:00:00+01:00,3883.928538442744
8067,2013-11-28 00:00:00+01:00,4144.087916290085
8067,2013-11-29 00:00:00+01:00,4639.369174381418
8067,2013-11-30 00:00:00+01:00,3516.5760294418656
8067,2013-12-01 00:00:00+01:00,3854.8430616291803
8067,2013-12-02 00:00:00+01:00,3694.6049797453197
8067,2013-12-03 00:00:00+01:00,3994.1961514243176
8067,2013-12-04 00:00:00+01:00,3741.638073161314
8067,2013-12-05 00:00:00+01:00,4565.923060529868
8067,2013-12-06 00:00:00+01:00,4192.363843922416
8067,2013-12-07 00:00:00+01:00,3136.9033684227556
8067,2013-12-08 00:00:00+01:00,2640.229964598438
8432,2013-11-01 00:00:00+01:00,4377.2316087599775
8432,2013-11-02 00:00:00+01:00,4689.54641293695
8432,2013-11-03 00:00:00+01:00,4333.708006436806
8432,2013-11-04 00:00:00+01:00,6209.820823877952
8432,2013-11-05 00:00:00+01:00,6214.303415178471
8432,2013-11-06 00:00:00+01:00,6481.1993441114355
8432,2013-11-07 00:00:00+01:00,6757.657587788127
8432,2013-11-08 00:00:00+01:00,6680.291846616977
8432,2013-11-09 00:00:00+01:00,5455.667369254969
8432,2013-11-10 00:00:00+01:00,4604.29388630671
8432,2013-11-11 00:00:00+01:00,6270.613190821972
8432,2013-11-12 00:00:00+01:00,5650.367955803396
8432,2013-11-13 00:00:00+01:00,6121.409094278169
8432,2013-11-14 00:00:00+01:00,6519.9837552069985
8432,2013-11-15 00:00:00+01:00,6647.036541171093
8432,2013-11-16 00:00:00+01:00,5409.749595811178
8432,2013-11-17 00:00:00+01:00,4621.100545304895
8432,2013-11-18 00:00:00+01:00,5855.439204760271
8432,2013-11-19 00:00:00+01:00,6343.592956734107
8432,2013-11-20 00:00:00+01:00,5983.869373350038
8432,2013-11-21 00:00:00+01:00,6566.474154408589
8432,2013-11-22 00:00:00+01:00,5947.3141736632415
8432,2013-11-23 00:00:00+01:00,5909.200981855725
8432,2013-11-24 00:00:00+01:00,4235.462195923291
8432,2013-11-25 00:00:00+01:00,5861.279492115871
8432,2013-11-26 00:00:00+01:00,5936.378437572233
8432,2013-11-27 00:00:00+01:00,6122.118422039002
8432,2013-11-28 00:00:00+01:00,6300.832264538749
8432,2013-11-29 00:00:00+01:00,6570.273646976673
8432,2013-11-30 00:00:00+01:00,6098.063487902073
8432,2013-12-01 00:00:00+01:00,4827.404255531027
8432,2013-12-02 00:00:00+01:00,5815.55816593825
8432,2013-12-03 00:00:00+01:00,5642.720174019871
8432,2013-12-04 00:00:00+01:00,5686.205395326299
8432,2013-12-05 00:00:00+01:00,6072.807339391409
8432,2013-12-06 00:00:00+01:00,6250.251917372434
8432,2013-12-07 00:00:00+01:00,5270.587292785167
8432,2013-12-08 00:00:00+01:00,4751.948941558189
8723,2013-11-01 00:00:00+01:00,4609.023221537185
8723,2013-11-02 00:00:00+01:00,4225.833801219608
8723,2013-11-03 00:00:00+01:00,4434.212386218503
8723,2013-11-04 00:00:00+01:00,5100.89990806207
8723,2013-11-05 00:00:00+01:00,5109.484505358734
8723,2013-11-06 00:00:00+01:00,4880.408345963887
8723,2013-11-07 00:00:00+01:00,5003.680470338703
8723,2013-11-08 00:00:00+01:00,4833.500066196024
8723,2013-11-09 00:00:00+01:00,5122.803293017762
8723,2013-11-10 00:00:00+01:00,5061.516887477856
8723,2013-11-11 00:00:00+01:00,4195.253061893485
8723,2013-11-12 00:00:00+01:00,5003.6824233977695
8723,2013-11-13 00:00:00+01:00,4728.898389113508
8723,2013-11-14 00:00:00+01:00,5200.515245773229
8723,2013-11-15 00:00:00+01:00,5562.93428990299
8723,2013-11-16 00:00:00+01:00,4951.758758129721
8723,2013-11-17 00:00:00+01:00,4924.574125593675
8723,2013-11-18 00:00:00+01:00,4901.269292115698
8723,2013-11-19 00:00:00+01:00,4993.841462813082
8723,2013-11-20 00:00:00+01:00,4809.67005040853
8723,2013-11-21 00:00:00+01:00,5035.06535888903
8723,2013-11-22 00:00:00+01:00,4715.045314518534
8723,2013-11-23 00:00:00+01:00,4584.115204457707
8723,2013-11-24 00:00:00+01:00,4529.947319909291
8723,2013-11-25 00:00:00+01:00,4498.9978911873595
8723,2013-11-26 00:00:00+01:00,5052.859249482684
8723,2013-11-27 00:00:00+01:00,4591.8955875155025
8723,2013-11-28 00:00:00+01:00,4365.355768254351
8723,2013-11-29 00:00:00+01:00,4622.6644558303215
8723,2013-11-30 00:00:00+01:00,4363.640471425596
8723,2013-12-01 00:00:00+01:00,4269.038879674161
8723,2013-12-02 00:00:00+01:00,4389.833211161473
8723,2013-12-03 00:00:00+01:00,4338.777878089593
8723,2013-12-04 00:00:00+01:00,4370.533470835483
8723,2013-12-05 00:00:00+01:00,4637.790173770545
8723,2013-12-06 00:00:00+01:00,4365.906808590824
8723,2013-12-07 00:00:00+01:00,4327.318154308698
8723,2013-12-08 00:00:00+01:00,4449.520600588042
9056,2013-11-01 00:00:00+01:00,10014.718744080648
9056,2013-11-02 00:00:00+01:00,10597.929569195243
9056,2013-11-03 00:00:00+01:00,10315.471695154554
9056,2013-11-04 00:00:00+01:00,12955.99830299936
9056,2013-11-05 00:00:00+01:00,13598.775797207934
9056,2013-11-06 00:00:00+01:00,12762.652641448158
9056,2013-11-07 00:00:00+01:00,12699.208071533403
9056,2013-11-08 00:00:00+01:00,13493.020036170052
9056,2013-11-09 00:00:00+01:00,12106.214882332266
9056,2013-11-10 00:00:00+01:00,12233.19001393544
9056,2013-11-11 00:00:00+01:00,12750.066843329441
9056,2013-11-12 00:00:00+01:00,12660.683010996869
9056,2013-11-13 00:00:00+01:00,12158.619174158308
9056,2013-11-14 00:00:00+01:00,13171.700066541067
9056,2013-11-15 00:00:00+01:00,11430.173028262107
9056,2013-11-16 00:00:00+01:00,12309.113996502816
9056,2013-11-17 00:00:00+01:00,10479.27995279016
9056,2013-11-18 00:00:00+01:00,10354.305200023833
9056,2013-11-19 00:00:00+01:00,10989.821874632797
9056,2013-11-20 00:00:00+01:00,10491.011160952854
9056,2013-11-21 00:00:00+01:00,10681.849379499692
9056,2013-11-22 00:00:00+01:00,11402.525010213876
9056,2013-11-23 00:00:00+01:00,11573.563053240752
9056,2013-11-24 00:00:00+01:00,10890.682945825201
9056,2013-11-25 00:00:00+01:00,10296.098836660709
9056,2013-11-26 00:00:00+01:00,10441.476916816722
9056,2013-11-27 00:00:00+01:00,11514.575669336984
9056,2013-11-28 00:00:00+01:00,10863.07409101591
9056,2013-11-29 00:00:00+01:00,10770.824084965938
9056,2013-11-30 00:00:00+01:00,10751.591895453184
9056,2013-12-01 00:00:00+01:00,11042.600945921777
9056,2013-12-02 00:00:00+01:00,10501.569554519843
9056,2013-12-03 00:00:00+01:00,10725.981206657867
9056,2013-12-04 00:00:00+01:00,11437.024634109013
9056,2013-12-05 00:00:00+01:00,10399.14560080415
9056,2013-12-06 00:00:00+01:00,10625.357293493369
9056,2013-12-07 00:00:00+01:00,10872.061223449693
9056,2013-12-08 00:00:00+01:00,10326.73513117767
9373,2013-11-01 00:00:00+01:00,5966.703906150239
9373,2013-11-02 00:00:00+01:00,5881.564136432733
9373,2013-11-03 00:00:00+01:00,5387.4100139599095
9373,2013-11-04 00:00:00+01:00,8191.278743368183
9373,2013-11-05 00:00:00+01:00,7803.395025954354
9373,2013-11-06 00:00:00+01:00,7040.618930172836
9373,2013-11-07 00:00:00+01:00,7459.961090200461
9373,2013-11-08 00:00:00+01:00,8713.980309562752
9373,2013-11-09 00:00:00+01:00,6581.007730479588
9373,2013-11-10 00:00:00+01:00,6085.73447046478
9373,2013-11-11 00:00:00+01:00,8437.135087595814
9373,2013-11-12 00:00:00+01:00,8566.056909769615
9373,2013-11-13 00:00:00+01:00,8140.552551916191
9373,2013-11-14 00:00:00+01:00,8111.902513271007
9373,2013-11-15 00:00:00+01:00,8091.7665505946425
9373,2013-11-16 00:00:00+01:00,6415.259730582674
9373,2013-11-17 00:00:00+01:00,5469.153035163746
9373,2013-11-18 00:00:00+01:00,9115.34307382673
9373,2013-11-19 00:00:00+01:00,7696.68274785575
9373,2013-11-20 00:00:00+01:00,7592.537517116914
9373,2013-11-21 00:00:00+01:00,7543.938611205052
9373,2013-11-22 00:00:00+01:00,7668.3763394058205
9373,2013-11-23 00:00:00+01:00,6512.549686631244
9373,2013-11-24 00:00:00+01:00,6328.033939027393
9373,2013-11-25 00:00:00+01:00,7805.564385792897
9373,2013-11-26 00:00:00+01:00,7516.6065928376065
9373,2013-11-27 00:00:00+01:00,7682.737696307295
9373,2013-11-28 00:00:00+01:00,7323.7132379554505
9373,2013-11-29 00:00:00+01:00,6983.992563955825
9373,2013-11-30 00:00:00+01:00,6482.1448991688085
9373,2013-12-01 00:00:00+01:00,6040.032590850038
9373,2013-12-02 00:00:00+01:00,7672.933913686514
9373,2013-12-03 00:00:00+01:00,6939.863753193472
9373,2013-12-04 00:00:00+01:00,7122.061265811348
9373,2013-12-05 00:00:00+01:00,7307.65932337721
9373,2013-12-06 00:00:00+01:00,7105.140157491152
9373,2013-12-07 00:00:00+01:00,6046.753936305058
9373,2013-12-08 00:00:00+01:00,5605.031898878495
9699,2013-11-01 00:00:00+01:00,12503.223929072428
9699,2013-11-02 00:00:00+01:00,8704.492706179473
9699,2013-11-03 00:00:00+01:00,8648.288544168805
9699,2013-11-04 00:00:00+01:00,8399.67985538914
9699,2013-11-05 00:00:00+01:00,8407.979363301896
9699,2013-11-06 00:00:00+01:00,8812.482949319668
9699,2013-11-07 00:00:00+01:00,8275.875384232746
9699,2013-11-08 00:00:00+01:00,9345.852183735626
9699,2013-11-09 00:00:00+01:00,10257.655070589479
9699,2013-11-10 00:00:00+01:00,9350.992919007416
9699,2013-11-11 00:00:00+01:00,7539.526730727443
9699,2013-11-12 00:00:00+01:00,8404.557735593442
9699,2013-11-13 00:00:00+01:00,8770.794998271227
9699,2013-11-14 00:00:00+01:00,9329.794072916467
9699,2013-11-15 00:00:00+01:00,9736.476399355843
9699,2013-11-16 00:00:00+01:00,9490.185823816273
9699,2013-11-17 00:00:00+01:00,9137.68349318114
9699,2013-11-18 00:00:00+01:00,7679.876074272022
9699,2013-11-19 00:00:00+01:00,8142.957168528356
9699,2013-11-20 00:00:00+01:00,8697.113703574974
9699,2013-11-21 00:00:00+01:00,9520.11131403214
9699,2013-11-22 00:00:00+01:00,8696.506543419482
9699,2013-11-23 00:00:00+01:00,13619.8620801719
9699,2013-11-24 00:00:00+01:00,8706.848182219466
9699,2013-11-25 00:00:00+01:00,7957.415073638728
9699,2013-11-26 00:00:00+01:00,8348.517969696035
9699,2013-11-27 00:00:00+01:00,8271.451847241584
9699,2013-11-28 00:00:00+01:00,8423.426162125159
9699,2013-11-29 00:00:00+01:00,8428.050768447629
9699,2013-11-30 00:00:00+01:00,10400.201760476153
9699,2013-12-01 00:00:00+01:00,9610.238576324979
9699,2013-12-02 00:00:00+01:00,7973.8521178342135
9699,2013-12-03 00:00:00+01:00,7834.633666225018
9699,2013-12-04 00:00:00+01:00,8063.525860439808
9699,2013-12-05 00:00:00+01:00,7898.957673252446
9699,2013-12-06 00:00:00+01:00,8337.989117456158
9699,2013-12-07 00:00:00+01:00,10452.597854944412
9699,2013-12-08 00:00:00+01:00,9653.73423977423
