model,horizon_h,cells,cell_folds,mae_mean,mae_std,rmse_mean,rmse_std,smape_mean,smape_std,mase_mean,mase_std,naive24_mae,mae_improvement_vs_naive24_pct
ets_additive_24,1,6,24,37.36597418948325,32.48951640094633,47.822000676373044,42.91971101527014,22.764299353783926,9.651742859821745,0.9739167395265257,0.3435901413132434,57.97748568422406,35.55088885192774
ets_additive_24,24,6,24,41.61210974266255,34.327756337701494,52.30776178945331,44.536680306346945,24.66007144472833,11.893950777131904,1.0241913826564684,0.3373949984524536,57.97748568422406,28.2271225604642
lightgbm_global,1,30,120,45.40610984237257,66.51031543372072,63.0099052176586,102.96321807592223,13.648080458976937,7.666048084372523,0.7279703005030967,0.3743793600322848,57.97748568422406,21.683202873477168
lightgbm_global,24,30,120,55.54666543760018,80.98577587765827,76.17621299560568,118.99886346568852,16.43720572615783,10.852763307220377,0.880665770855188,0.5714313734702801,57.97748568422406,4.192696902834666
seasonal_naive_168,1,30,120,65.83429648463196,102.04444920796679,92.85777474958648,152.53904618125853,16.674713270261552,13.923986647465435,0.9346967381464851,0.8158917952206113,57.97748568422406,-13.551485904718668
seasonal_naive_168,24,30,120,65.83429648463196,102.04444920796679,92.85777474958648,152.53904618125853,16.674713270261552,13.923986647465435,0.9332483734340156,0.8157134496732399,57.97748568422406,-13.551485904718668
seasonal_naive_24,1,30,120,57.97748568422406,84.3838295277505,83.57662264540888,135.33344841914464,16.299917031546297,7.779840758043277,0.8811224874093266,0.3787402134639396,57.97748568422406,0.0
seasonal_naive_24,24,30,120,57.97748568422406,84.3838295277505,83.57662264540888,135.33344841914464,16.299917031546297,7.779840758043277,0.8786744621793829,0.37713806971077085,57.97748568422406,0.0
temporal_cnn_global,1,30,120,52.55426167636006,73.0383709897978,69.0137794320568,104.75095169268913,15.943183897543191,10.542861247983234,0.777089605080174,0.35587239804610543,57.97748568422406,9.354017242834106
temporal_cnn_global,24,30,120,63.37981023700149,83.82155642854431,82.93092280771407,117.72554188827172,18.999869505527712,12.237578369895733,0.9627900115599479,0.5105376819600277,57.97748568422406,-9.31796970672606
