date_utc,traffic_band,cells,grid_hours,observed_hours,missing_hours,total_activity,mean_activity,peak_activity,coverage_rate
2013-10-31,high,10,10,10,0,10303.080372328686,1030.3080372328686,2406.766031711316,1.0
2013-10-31,low,10,10,10,0,451.4435166041079,45.14435166041079,74.2630914508409,1.0
2013-10-31,medium,10,10,10,0,1798.2957081213724,179.82957081213723,287.45959024823514,1.0
2013-11-01,high,10,240,240,0,234963.7859658145,979.0157748575604,4288.431567436372,1.0
2013-11-01,low,10,240,240,0,11561.764172564,48.174017385683335,148.5966494232623,1.0
2013-11-01,medium,10,240,240,0,43403.580340652,180.84825141938333,501.6772053331337,1.0
2013-11-02,high,10,240,240,0,234358.00292059127,976.491678835797,5231.480849780888,1.0
2013-11-02,low,10,240,240,0,11609.406678439567,48.37252782683153,203.19024638125026,1.0
2013-11-02,medium,10,240,240,0,41717.44855965323,173.82270233188848,376.31976074882925,1.0
2013-11-03,high,10,240,240,0,242194.2791946668,1009.1428299777783,4143.880339073564,1.0
2013-11-03,low,10,240,240,0,11575.714864986412,48.23214527077672,172.71494881510165,1.0
2013-11-03,medium,10,240,240,0,43342.06762517613,180.59194843823389,439.18616748686804,1.0
2013-11-04,high,10,240,240,0,270623.33521714923,1127.5972300714552,4741.722358219902,1.0
2013-11-04,low,10,240,240,0,13672.972143223653,56.97071726343189,211.34435461804551,1.0
2013-11-04,medium,10,240,240,0,54520.49095727428,227.1687123219762,1066.7236911203074,1.0
2013-11-05,high,10,240,240,0,280038.704341735,1166.827934757229,4952.2428030180845,1.0
2013-11-05,low,10,240,240,0,13074.23949476494,54.47599789485392,174.83317664127878,1.0
2013-11-05,medium,10,240,240,0,54758.74858266677,228.16145242777822,881.4223756760481,1.0
2013-11-06,high,10,240,240,0,274024.4094993525,1141.7683729139687,4580.867633903448,1.0
2013-11-06,low,10,240,240,0,13406.159061737364,55.85899609057235,169.77810786782445,1.0
2013-11-06,medium,10,240,240,0,54869.01779301144,228.62090747088098,607.6665167786095,1.0
2013-11-07,high,10,240,240,0,277249.9552338186,1155.2081468075776,5159.107094164585,1.0
2013-11-07,low,10,240,240,0,13462.294214400878,56.092892560003655,195.7758664880485,1.0
2013-11-07,medium,10,240,240,0,56350.61153182434,234.79421471593474,518.6847304158597,1.0
2013-11-08,high,10,240,240,0,282791.98211551236,1178.2999254813014,4897.267385802782,1.0
2013-11-08,low,10,240,240,0,13585.23540313423,56.605147513059286,244.96044246863744,1.0
2013-11-08,medium,10,240,240,0,59334.778955727896,247.22824564886622,729.3176003314371,1.0
2013-11-09,high,10,240,240,0,286413.9664915492,1193.3915270481218,6173.440370638801,1.0
2013-11-09,low,10,240,240,0,12743.626974957166,53.09844572898819,179.80292319393482,1.0
2013-11-09,medium,10,240,240,0,51423.121729703234,214.26300720709682,451.8590878562104,1.0
2013-11-10,high,10,240,240,0,267446.9416302788,1114.3622567928282,5010.096437528729,1.0
2013-11-10,low,10,240,240,0,12577.550409982303,52.40646004159293,168.75025905072678,1.0
2013-11-10,medium,10,240,240,0,48685.14637253128,202.85477655221365,515.4383936392791,1.0
2013-11-11,high,10,240,240,0,273996.6263221085,1141.6526096754521,5061.412330609702,1.0
2013-11-11,low,10,240,240,0,13156.202359033667,54.81750982930694,154.78688510824622,1.0
2013-11-11,medium,10,240,240,0,53927.60376769693,224.69834903207052,1118.8923272546108,1.0
2013-11-12,high,10,240,240,0,274168.01462015265,1142.3667275839694,5460.783814416838,1.0
2013-11-12,low,10,240,240,0,13088.872994570796,54.53697081071165,147.24158640975583,1.0
2013-11-12,medium,10,240,240,0,57915.6956226163,241.3153984275679,895.2057591394145,1.0
2013-11-13,high,10,240,240,0,272246.08458641765,1134.3586857767402,5539.174483982876,1.0
2013-11-13,low,10,240,240,0,12963.798657522866,54.015827739678606,168.98758566122956,1.0
2013-11-13,medium,10,240,240,0,57334.42052913752,238.89341887140634,876.6331471242111,1.0
2013-11-14,high,10,240,240,0,272699.0401822047,1136.2460007591862,5395.999822471686,1.0
2013-11-14,low,10,240,240,0,13270.427600917043,55.293448337154345,180.58495911049613,1.0
2013-11-14,medium,10,240,240,0,54397.043991423096,226.6543499642629,586.5126611413472,1.0
2013-11-15,high,10,240,240,0,259472.89645095167,1081.137068545632,4761.67523531772,1.0
2013-11-15,low,10,240,240,0,14116.99201271615,58.820800052983955,187.94268811121754,1.0
2013-11-15,medium,10,240,240,0,56897.64465171045,237.07351938212688,683.2981723478117,1.0
2013-11-16,high,10,240,240,0,257393.34394412496,1072.472266433854,6127.261936596273,1.0
2013-11-16,low,10,240,240,0,12921.418838891324,53.839245162047185,194.98151243684802,1.0
2013-11-16,medium,10,240,240,0,46610.20328730317,194.2091803637632,472.12628584672643,1.0
2013-11-17,high,10,240,240,0,237776.5026916909,990.7354278820454,5659.966397316096,1.0
2013-11-17,low,10,240,240,0,12622.071246821142,52.591963528421424,210.48400320270017,1.0
2013-11-17,medium,10,240,240,0,42945.3615852564,178.93900660523502,411.57894043182944,1.0
2013-11-18,high,10,240,240,0,249932.28019932794,1041.3845008305332,4237.480789665546,1.0
2013-11-18,low,10,240,240,0,13276.7505267918,55.319793861632505,153.0207512682954,1.0
2013-11-18,medium,10,240,240,0,53303.240503898145,222.09683543290893,677.7453988487688,1.0
2013-11-19,high,10,240,240,0,258143.1350278023,1075.5963959491762,5092.683139874936,1.0
2013-11-19,low,10,240,240,0,13354.323492370035,55.64301455154181,149.6551822266151,1.0
2013-11-19,medium,10,240,240,0,54346.35429705,226.44314290437498,953.7511447024054,1.0
2013-11-20,high,10,240,240,0,264494.1706868155,1102.059044528398,5984.548879090065,1.0
2013-11-20,low,10,240,240,0,13686.561926773782,57.027341361557426,155.7810299285751,1.0
2013-11-20,medium,10,240,240,0,52948.807453432426,220.62003105596844,491.0658345373105,1.0
2013-11-21,high,10,240,240,0,250190.79716132008,1042.4616548388337,4126.106370370735,1.0
2013-11-21,low,10,240,240,0,13890.807423579474,57.878364264914474,155.2329783512766,1.0
2013-11-21,medium,10,240,240,0,54541.09453262344,227.25456055259767,570.150212010794,1.0
2013-11-22,high,10,240,240,0,251713.84938545266,1048.8077057727194,4261.059560067458,1.0
2013-11-22,low,10,240,240,0,13564.85566152587,56.520231923024454,177.53357760540248,1.0
2013-11-22,medium,10,240,240,0,52292.18103464937,217.88408764437239,529.1011877878011,1.0
2013-11-23,high,10,240,240,0,262392.9660682045,1093.3040252841854,5248.329467767739,1.0
2013-11-23,low,10,240,240,0,12687.152345300434,52.86313477208514,224.06787559889014,1.0
2013-11-23,medium,10,240,240,0,46970.6335331467,195.7109730547779,481.6970063271035,1.0
2013-11-24,high,10,240,240,0,244987.04263864845,1020.7793443277019,4420.967402058152,1.0
2013-11-24,low,10,240,240,0,12456.178064132018,51.90074193388341,178.07055919580185,1.0
2013-11-24,medium,10,240,240,0,43473.775483073034,181.14073117947098,426.81149898288913,1.0
2013-11-25,high,10,240,240,0,247264.62163127557,1030.2692567969816,4249.01277867793,1.0
2013-11-25,low,10,240,240,0,12962.42671962379,54.01011133176579,148.02731498293664,1.0
2013-11-25,medium,10,240,240,0,49894.93385424974,207.8955577260406,488.9433995550605,1.0
2013-11-26,high,10,240,240,0,242605.92605139338,1010.858025214139,4088.7474649173714,1.0
2013-11-26,low,10,240,240,0,13028.328470612476,54.284701960885315,183.57824773581973,1.0
2013-11-26,medium,10,240,240,0,49006.27744491526,204.1928226871469,484.7998503982069,1.0
2013-11-27,high,10,240,240,0,233657.58182379944,973.5732575991643,4506.125595536448,1.0
2013-11-27,low,10,240,240,0,12679.044142837163,52.82935059515485,148.0656264695194,1.0
2013-11-27,medium,10,240,240,0,51472.79414728404,214.4699756136835,498.0776998087652,1.0
2013-11-28,high,10,240,240,0,239905.45114264035,999.6060464276682,9571.93847215927,1.0
2013-11-28,low,10,240,240,0,12721.188696506784,53.004952902111604,186.7285612606432,1.0
2013-11-28,medium,10,240,240,0,51256.61498491765,213.56922910382355,473.24693404727145,1.0
2013-11-29,high,10,240,240,0,232452.9177747531,968.5538240614712,4641.84894041488,1.0
2013-11-29,low,10,240,240,0,13073.725842383177,54.47385767659657,164.60480587993413,1.0
2013-11-29,medium,10,240,240,0,51615.72376205084,215.06551567521183,500.6332641329159,1.0
2013-11-30,high,10,240,240,0,244803.75866495311,1020.0156611039713,4166.498520145876,1.0
2013-11-30,low,10,240,240,0,12797.018318707616,53.32090966128173,146.1544892099097,1.0
2013-11-30,medium,10,240,240,0,56278.70562087068,234.49460675362783,956.7125881914064,1.0
2013-12-01,high,10,240,240,0,229839.72445417356,957.6655185590565,4691.4071299686175,1.0
2013-12-01,low,10,240,240,0,12035.806944089436,50.14919560037265,156.3276707952889,1.0
2013-12-01,medium,10,240,240,0,52691.41335727519,219.5475556553133,1026.4203316706507,1.0
2013-12-02,high,10,240,240,0,238091.72621241183,992.0488592183826,4714.008818771481,1.0
2013-12-02,low,10,240,240,0,13465.534693490798,56.106394556211654,187.18674576193132,1.0
2013-12-02,medium,10,240,240,0,59376.06016178217,247.40025067409235,950.4550591961372,1.0
2013-12-03,high,10,240,240,0,243277.12629711092,1013.6546929046289,4821.487456744386,1.0
2013-12-03,low,10,240,240,0,13596.366424939386,56.65152677058077,201.7160022832816,1.0
2013-12-03,medium,10,240,240,0,57324.50278954593,238.85209495644136,892.8966225570241,1.0
2013-12-04,high,10,240,240,0,231698.96113740667,965.4123380725279,3879.5676818384068,1.0
2013-12-04,low,10,240,240,0,13226.810309940596,55.111709624752486,188.1207972032083,1.0
2013-12-04,medium,10,240,240,0,56688.761227454204,236.20317178105918,956.6372456482673,1.0
2013-12-05,high,10,240,240,0,232977.62285222634,970.7400952176098,4591.463771452883,1.0
2013-12-05,low,10,240,240,0,13403.23918860091,55.84682995250379,184.5982922838741,1.0
2013-12-05,medium,10,240,240,0,57953.20440923845,241.47168503849355,904.127555557912,1.0
2013-12-06,high,10,240,240,0,229746.74392815147,957.2780997006311,4227.30023651483,1.0
2013-12-06,low,10,240,240,0,13737.277534749257,57.23865639478857,246.91379101860568,1.0
2013-12-06,medium,10,240,240,0,58778.95892083776,244.912328836824,1087.5723025575223,1.0
2013-12-07,high,10,240,240,0,234997.79950778294,979.1574979490956,4744.661760077361,1.0
2013-12-07,low,10,240,240,0,12717.414809172911,52.9892283715538,195.45616426592866,1.0
2013-12-07,medium,10,240,240,0,54581.92098707537,227.4246707794807,1070.5330854979916,1.0
2013-12-08,high,10,230,230,0,222601.49258956432,967.8325764763666,4511.497285290845,1.0
2013-12-08,low,10,230,230,0,11659.268692909796,50.69247257786868,159.8077414806054,1.0
2013-12-08,medium,10,230,230,0,50590.63914267206,219.9593006203133,1103.6176408610986,1.0
