cell_id,expected_10min_intervals,missing_before,missing_pct_before_fill,missing_after_short_ffill
318,5472,0,0.0,0
328,5472,0,0.0,0
361,5472,0,0.0,0
821,5472,0,0.0,0
2067,5472,0,0.0,0
2105,5472,0,0.0,0
2351,5472,0,0.0,0
3037,5472,0,0.0,0
3797,5472,0,0.0,0
3955,5472,0,0.0,0
4111,5472,0,0.0,0
4232,5472,0,0.0,0
4587,5472,0,0.0,0
4737,5472,0,0.0,0
5172,5472,0,0.0,0
5200,5472,0,0.0,0
5409,5472,0,0.0,0
5867,5472,0,0.0,0
5882,5472,0,0.0,0
6320,5472,0,0.0,0
6481,5472,0,0.0,0
7255,5472,0,0.0,0
7423,5472,0,0.0,0
7680,5472,0,0.0,0
8067,5472,0,0.0,0
8432,5472,0,0.0,0
8723,5472,0,0.0,0
9056,5472,0,0.0,0
9373,5472,0,0.0,0
9699,5472,0,0.0,0
