cell_id,traffic_band,first_window_internet_total
318,low,3615.0694547646735
328,low,7510.953000364149
361,low,10395.849978293729
821,low,7509.161691356746
2067,low,15154.088003915676
2105,low,5873.084236249102
2351,medium,24233.562035064497
3037,high,88641.27910001478
3797,medium,22914.504865933675
3955,high,276985.19734060374
4111,low,8364.833436516847
4232,medium,34219.52419546505
4587,low,11640.7961546995
4737,high,97458.29669097869
5172,high,359053.72561160516
5200,medium,39982.106812218
5409,low,1449.161705893142
5867,high,510085.76693884004
5882,medium,29570.36248183381
6320,low,16853.22957545569
6481,medium,39554.71862827608
7255,high,197420.07807726692
7423,medium,38369.52193758399
7680,high,64538.48326149272
8067,high,72445.60509402545
8432,medium,39063.46719908972
8723,medium,33363.542638698695
9056,high,82944.7548216193
9373,medium,47730.93184623872
9699,high,63752.022731664154
